SN,TN,CN,tgtsize,hand_theta,hand_theta_maxv,hand_theta_maxradv,handMaxRadExt,hand_theta_50,raw_ep_hand_ang,ti,fbi,ri,MT,RT,ST,radvelmax,maxRadDist,testMaxRadDist,discrim,discrim_onset,discrim_dist,stim_type,discrim_tar,problem_report
1,1,1,15,6.26896213872581,6.26896213872584,6.26896213872584,2.86576319148531,3.57825636118213,141.268962138726,135,0,0,0.115165899276597,0.355712338694879,43.38977886907,914.022873799104,122.313076766598,122.804401075958,0,0,0,0,0,No_Discrim
1,2,1,15,5.93818576120918,6.29216554740878,6.29216554740878,9.31035637312334,8.33602668718777,-129.061814238791,225,0,0,0.0830364729622772,0.374660323229264,1.07168036190518,1791.06275055293,179.927675133232,179.927675133232,0,0,0,0,0,No_Discrim
1,3,1,15,-0.394597703052113,0.0973324705581149,0.0973324705581149,0.932886219882334,0.736817878191289,-45.3945977030521,315,0,0,0.117409478619464,0.356261590474467,1.06668301201503,1292.09523894606,165.610493634954,166.148747094622,0,0,0,0,0,No_Discrim
1,4,1,15,-7.77117335261386,-8.29974253077638,-8.29974253077638,-10.0531275261323,-9.86927766018263,37.2288266473861,45,0,0,0.0710439749964138,0.398937973008522,1.04334762349453,1867.2211161131,161.927052664792,161.927052664792,0,0,0,0,0,No_Discrim
1,5,1,15,2.08479384983821,2.10085695792816,2.10085695792816,3.67040571243854,2.99825683651909,-42.9152061501618,315,0,0,0.116938948921977,0.387224307456009,3.48225297791803,1253.97761227514,154.75699177681,154.75699177681,0,0,0,0,0,No_Discrim
1,6,2,15,-1.9523121955466,-0.976618060688793,-0.976618060688793,3.85248030315205,1.81301630509347,-136.952312195547,225,0,0,0.0958065768393794,0.376147629744182,0.866831382107378,1515.76303660981,170.427208140119,170.427208140119,0,0,0,0,0,No_Discrim
1,7,2,15,5.62165818783257,5.62165818783257,5.62165818783257,5.28301950877329,5.85417973298655,140.621658187833,135,0,0,0.112672332252885,0.384177582595115,1.34207809470918,987.144127627107,118.72618929889,119.383068737729,0,0,0,0,0,No_Discrim
1,8,2,15,-9.02899827071091,-9.02899827071092,-9.02899827071092,-8.30832211603259,-8.7215054730242,35.9710017292891,45,0,0,0.0867571429773193,0.358071296967239,1.20327093256219,1593.5855267651,137.330484499586,137.330484499586,0,0,0,0,0,No_Discrim
1,9,2,15,9.90619987916034,3.07957953791328,9.82444107603237,8.17341228428433,8.70083252574818,-35.0938001208396,315,0,0,0.142987545084935,0.350965276951584,1.24744423652174,963.849486245428,136.596120527872,136.962725922539,0,0,0,0,0,No_Discrim
1,10,2,15,-1.79748079237562,-2.27382020410324,-2.27382020410324,-5.08710858682873,-4.76323297040749,43.2025192076244,45,0,0,0.0932475082357769,0.378595225475692,1.26020953294356,1618.78214213639,161.330077748581,161.330077748581,0,0,0,0,0,No_Discrim
1,11,3,15,0.90800528069451,0.90800528069451,0.90800528069451,4.49211882407491,3.78832886714395,-134.091994719305,225,0,0,0.0873331362276701,0.40871453450012,1.22558263354817,2891.53731132364,166.366979621934,166.366979621934,0,0,0,0,0,No_Discrim
1,12,3,15,11.5958523478065,14.8761895103968,11.5958523478065,10.0004508141121,10.839064821106,146.595852347806,135,0,0,0.112206910476743,0.388891292616606,1.04111185626657,929.691868706321,126.662871419788,127.099453904733,0,0,0,0,0,No_Discrim
1,13,3,15,0.496103203435723,1.94005912630803,1.94005912630803,5.56585211238087,4.21699112967087,-134.503896796564,225,0,0,0.0771428331055262,0.358097737972031,0.846452278193098,1802.89511273721,186.782033063294,186.782033063294,0,0,0,0,0,No_Discrim
1,14,3,15,-4.92392603925163,-5.39474214090813,-5.39474214090813,-11.684472654656,-8.38227873960802,40.0760739607484,45,0,0,0.0823225658350992,0.372861133045134,0.921908595850425,1672.53109122953,184.723840664054,185.015181332638,0,0,0,0,0,No_Discrim
1,15,3,15,0.845363265463732,0.845363265463732,0.845363265463732,5.76404118204727,4.47215085709189,-44.1546367345363,315,0,0,0.139214894458306,0.427526708419364,0.782246007107773,1831.02625631359,134.543066450292,135.183820161611,0,0,0,0,0,No_Discrim
1,16,4,15,6.32208734752103,6.32208734752103,6.32208734752103,13.5340445284285,12.1556313883833,141.322087347521,135,0,0,0.113389844971607,0.365880407335638,0.850623647152048,883.002565103908,106.247897087703,106.892795259346,0,0,0,0,0,No_Discrim
1,17,4,15,5.31174202015222,5.35074419909506,5.35074419909506,6.97292593940483,6.77315125459342,-129.688257979848,225,0,0,0.0854486137101418,0.380464123763176,0.930432214277673,1411.92503629477,143.856980987899,143.856980987899,0,0,0,0,0,No_Discrim
1,18,4,15,-9.72785306795395,-9.85732574224792,-9.85732574224792,-11.43543877167,-11.1858602685074,35.272146932046,45,0,0,0.0874295858016865,0.352506066407727,0.896167977299115,1421.46378010933,150.464225835218,151.40015380219,0,0,0,0,0,No_Discrim
1,19,4,15,6.02288252593519,6.02288252593519,6.02288252593519,3.63758784931133,4.34377401248497,-38.9771174740648,315,0,0,0.157080300129493,0.392977930174197,1.42470533303045,759.640839323774,110.377652323829,110.609585281438,0,0,0,0,0,No_Discrim
1,20,4,15,14.3582970106409,14.3582970106409,14.3582970106409,10.6755235718414,11.1147667822566,149.358297010641,135,0,0,0.129848769471693,0.385607199645207,0.88171376170169,716.182301977025,97.3250440808737,97.7367342562928,0,0,0,0,0,No_Discrim
1,21,5,15,-7.90006131286718,-7.90006131286717,-7.90006131286717,-7.94608954380159,-8.314814468086,37.0999386871328,45,0,0,0.108958272488962,0.366633074572022,1.00678151677621,1157.12580062767,122.130376173798,122.130376173798,0,0,0,0,0,No_Discrim
1,22,5,15,-4.0407928497749,-4.0407928497749,-4.0407928497749,-0.305722979382608,-2.35902470387714,-49.0407928497749,315,0,0,0.160651338095107,0.353084162919828,0.822522868464375,791.7206351877,117.261413940157,117.898474102511,0,0,0,0,0,No_Discrim
1,23,5,15,10.7000841958638,12.0591183174957,10.7000841958638,NaN,14.9578084443253,145.700084195864,135,0,0,0.164619291597404,0.396232877947114,1.13657379864702,524.417131997184,NaN,79.8805494009581,0,0,0,0,0,No_Discrim
1,24,5,15,2.24286893930571,2.48835928178249,2.48835928178249,5.64282894701455,4.80858342718199,-132.757131060694,225,0,0,0.109510829394239,0.382626276830081,0.952243639435963,1184.60523656815,130.790286417122,131.223033266758,0,0,0,0,0,No_Discrim
1,25,5,15,-1.16719615162327,2.65890419398522,2.65890419398522,3.38767453167145,1.87125305333393,-136.167196151623,225,0,0,0.099371004553845,0.381921984613683,0.877926688708826,1401.48577573436,156.85808669623,158.027950131598,0,0,0,0,0,No_Discrim
1,26,6,15,1.39585602404992,1.39585602404992,1.39585602404992,1.3580690623063,0.552241486758476,-43.6041439759501,315,0,0,0.15253394964914,0.363173509478571,1.12322439639398,830.810849045268,123.031710688876,123.512569117205,0,0,0,0,0,No_Discrim
1,27,6,15,-11.9254914809089,-11.9254914809089,-11.9254914809089,-14.3014898862818,-14.2874178068142,33.0745085190911,45,0,0,0.0899456877725697,0.366986723010044,1.04578650571312,1427.32028844025,128.649202064759,129.74437903132,0,0,0,0,0,No_Discrim
1,28,6,15,10.4328292406432,14.1729828294108,10.4328292406432,10.3327446435654,10.8406028558992,145.432829240643,135,0,0,0.157181256692752,0.381763939517413,0.856959873372034,598.572606024896,89.5779633900187,89.9208191192087,0,0,0,0,0,No_Discrim
1,29,6,15,3.22061878225111,4.50722266766462,3.22061878225111,2.90920762916784,2.60933533797197,-41.7793812177489,315,0,0,0.169065586912097,0.3960144391923,0.8698742009108,816.718971978173,124.162987893941,124.517236574792,0,0,0,0,0,No_Discrim
1,30,6,15,3.21170218193515,3.21170218193515,3.21170218193515,8.60456654415293,7.30653934503329,-131.788297818065,225,0,0,0.105850553037641,0.382945071216341,0.920222981799981,1265.09062640321,136.423611180858,137.326306836468,0,0,0,0,0,No_Discrim
1,31,7,15,10.0890348024937,10.5096437048797,10.0890348024937,9.95878173496052,8.89884956862062,145.089034802494,135,0,0,0.132552061737272,0.373069355957114,0.89959569300089,733.15121054669,108.264990480986,108.45632856077,0,0,0,0,0,No_Discrim
1,32,7,15,-13.1511251676508,-13.5978224324455,-13.5978224324455,-18.6740331795039,-16.2634241906496,31.8488748323492,45,0,0,0.0847920955818608,0.370327604048356,0.84111900735698,1631.95609378704,179.336804873802,180.960775420245,0,0,0,0,0,No_Discrim
1,33,7,15,9.17549612993807,9.17549612993807,9.17549612993807,10.3378566469549,10.9770043296918,144.175496129938,135,0,0,0.133689325405783,0.410907335095345,0.866136103869991,786.147166487619,104.29642467013,104.625216080509,0,0,0,0,0,No_Discrim
1,34,7,15,-12.7304254489226,-12.7304254489226,-12.7304254489226,-16.3023711341634,-15.2059143182326,32.2695745510774,45,0,0,0.117017971470148,0.386634492771236,0.877333268432579,1066.5679129205,135.670322293089,136.562387077343,0,0,0,0,0,No_Discrim
1,35,7,15,4.26382291162883,4.58774626699869,4.58774626699869,8.58870325071024,7.50771034264534,-130.736177088371,225,0,0,0.106640177587337,0.361157683335477,0.876766589627039,1225.51778021865,139.140050736964,140.350970761947,0,0,0,0,0,No_Discrim
1,36,8,15,0.545297938151293,3.57033738619066,-0.468020217936157,2.00398366383729,1.37091148606515,-44.4547020618487,315,0,0,0.155793404411583,0.376194201968588,0.948295817153024,888.605238610899,143.342824127295,143.619912077632,0,0,0,0,0,No_Discrim
1,37,8,15,4.16406504995823,10.8034202913771,4.10724051439982,5.79169385440645,4.68400203205977,139.164065049958,135,0,0,0.148792547482572,0.411157022310221,1.19379483703335,1022.44767924798,100.047019591959,100.542407244091,0,0,0,0,0,No_Discrim
1,38,8,15,7.44948700655328,9.30394538701796,7.19257047311419,7.21649171272071,7.21267351318858,-37.5505129934467,315,0,0,0.153136684370082,0.405038934379405,0.560347987659185,1104.71877601924,129.726761529436,130.324442608034,0,0,0,0,0,No_Discrim
1,39,8,15,2.60964269391326,3.30094773544772,3.30094773544772,7.9881860885593,6.83690588759185,-132.390357306087,225,0,0,0.101611278771117,0.378810058639033,1.41816869601396,1443.42716087836,156.201346214705,156.201346214705,0,0,0,0,0,No_Discrim
1,40,8,15,-11.3013166666395,-11.3013166666395,-11.3013166666395,-18.0526750131847,-15.6487886989936,33.6986833333605,45,0,0,0.118936146175429,0.4076893446356,0.906921053169185,2172.422439316,146.344622591499,146.913517479671,0,0,0,0,0,No_Discrim
1,41,9,15,4.77069754366673,-3.55186170407387,4.77069754366673,3.89430076254243,3.1653602159476,139.770697543667,135,1,0,0.111757112930661,0.3627732888163,3.63456698648312,948.948265245974,112.254887321787,112.570684314129,0,0,0,0,0,No_Discrim
1,42,9,15,1.32717331535662,1.32717331535662,1.32717331535662,1.96234104001451,2.10590981201722,-133.672826684643,225,1,0,0.101596856404882,0.43416971038684,0.876399420220935,1206.40596222405,116.993659386082,117.128165661098,0,0,0,0,0,No_Discrim
1,43,9,15,3.80023453533693,3.37986357940008,3.80023453533693,4.17056191457527,4.94905287719558,-41.1997654646631,315,1,0,0.127268968716663,0.392493879508351,0.974501857480675,1027.76237707158,128.920111010155,129.80636743815,0,0,0,0,0,No_Discrim
1,44,9,15,-6.35782427103986,-6.35782427103986,-6.35782427103986,-7.37212286276171,-7.45956957887656,38.6421757289601,45,1,0,0.111369211372988,0.402307999245238,0.9123561819668,2414.15138396603,116.730681900543,116.992584181083,0,0,0,0,0,No_Discrim
1,45,9,15,-3.60381624477873,-3.60381624477873,-3.60381624477873,0.216905925607534,0.0466921416213495,-138.603816244779,225,1,0,0.10408381317751,0.406857053919225,1.01124433771886,1252.08253334872,120.842934010614,120.842934010614,0,0,0,0,0,No_Discrim
1,46,10,15,-5.94589738464438,-5.94589738464438,-5.94589738464438,-8.40843789471202,-8.20128739644093,39.0541026153556,45,1,0,0.103597659249942,0.391008976721139,1.11727096381063,1382.02720996486,139.485160379837,139.485160379837,0,0,0,0,0,No_Discrim
1,47,10,15,5.84110563900793,4.04485085844232,6.02180299980176,7.60755599960822,7.58018257190912,-39.1588943609921,315,1,0,0.145246147725857,0.409191674448635,1.00613251029694,988.22818870282,128.391337711544,129.344157445091,0,0,0,0,0,No_Discrim
1,48,10,15,6.28353265554264,5.91393042704183,6.28353265554264,5.37363405098458,5.51325991409442,141.283532655543,135,1,0,0.122609042102511,0.439747560516878,0.913947449704779,806.635770337499,106.670421608458,107.180827150522,0,0,0,0,0,No_Discrim
1,49,10,15,-0.809966405195439,-0.809966405195439,-0.809966405195439,3.74420288738008,3.74986849262001,-135.809966405195,225,1,0,0.0940221094874687,0.380255600385169,0.882256102764217,2588.46363577729,125.778378334049,125.778378334049,0,0,0,0,0,No_Discrim
1,50,10,15,9.44360810471244,2.44360773275071,6.7356050105725,6.3768127686979,6.86262767778357,-35.5563918952876,315,1,0,0.158973235693963,0.38229816799884,1.3433815160549,914.517489204292,115.53795686646,115.937034153159,0,0,0,0,0,No_Discrim
1,51,11,15,2.71690099164772,8.26116139011069,3.90935350660931,5.74016496479351,4.89574868191102,137.716900991648,135,1,0,0.145426727769433,0.402219061320324,1.00168471265238,964.253424178941,95.4889481113845,95.4889481113845,0,0,0,0,0,No_Discrim
1,52,11,15,-5.75935029217646,-5.93181811201877,-5.93181811201877,-9.28685089566371,-8.69957593783659,39.2406497078235,45,1,0,0.0878520409451653,0.412452331075002,0.87240472524789,1383.00736158266,136.179551745789,136.179551745789,0,0,0,0,0,No_Discrim
1,53,11,15,-0.294094162284409,-0.581002380723419,1.22550271370568,1.57325599463542,1.3979005639406,-45.2940941622844,315,1,0,0.155336996614437,0.403723494395081,0.882058997092628,987.672464174386,113.172890183003,113.556804915567,0,0,0,0,0,No_Discrim
1,54,11,15,6.58770576322666,6.94854144997072,5.70761291861103,3.11394907072676,3.23819371081501,141.587705763227,135,1,0,0.158137339385917,0.389154801265789,0.912116109662747,953.226016151257,84.5384667616743,84.9538166161276,0,0,0,0,0,No_Discrim
1,55,11,15,-1.19035387609068,-1.19035387609068,-1.19035387609068,2.25573909072159,2.10549106764114,-136.190353876091,225,1,0,0.0883883726884562,0.439718114852553,0.887470689545268,1416.72724338046,128.237153936156,128.237153936156,0,0,0,0,0,No_Discrim
1,56,12,15,0.00264010400626802,-0.349825604401033,-0.349825604401033,-6.49103422910855,-5.44196431266108,45.0026401040063,45,1,0,0.0875771145892656,0.395013587070764,0.918999183934375,1562.21669926344,149.034772422114,149.034772422114,0,0,0,0,0,No_Discrim
1,57,12,15,2.97122292605854,-0.0629587461030496,5.114833481174,5.40945213674058,4.88467091737573,-42.0287770739414,315,1,0,0.154902222366474,0.416637521468232,0.808358001588942,1027.59894884563,128.456663184016,128.72296399444,0,0,0,0,0,No_Discrim
1,58,12,15,3.96332316150554,4.06549366800215,3.96332316150557,5.63595635058692,4.91622097432511,138.963323161506,135,1,0,0.141821737149996,0.41513489118924,1.39643509153998,741.637248778566,94.7243006533499,94.83453826477,0,0,0,0,0,No_Discrim
1,59,12,15,2.77972347007199,4.093950841447,4.093950841447,4.2885550695604,4.44571702035012,-132.220276529928,225,1,0,0.113640734050364,0.397844877836661,0.895878929043135,1341.37064168881,110.974201225866,110.974201225866,0,0,0,0,0,No_Discrim
1,60,12,15,-6.19659572771729,-6.19659572771729,-6.19659572771729,-7.75519743900544,-8.06721574742848,38.8034042722827,45,1,0,0.0869921073601461,0.380729134742126,0.914195634590129,1460.19185559747,135.878233945838,135.878233945838,0,0,0,0,0,No_Discrim
1,61,13,15,5.6818361722845,13.2375182666646,5.63983583508158,5.83719731316634,5.73267502414913,140.681836172285,135,1,0,0.151161421131803,0.377536984355345,1.16316683913413,842.796054735291,96.6232050214808,96.8559081225801,0,0,0,0,0,No_Discrim
1,62,13,15,-5.73065952841002,-5.73065952841002,-5.73065952841002,-7.85936146218246,-7.6778396560718,39.26934047159,45,1,0,0.0891737907146535,0.383926393050388,1.1358881353201,1543.11268327038,147.452828279603,148.881862919543,0,0,0,0,0,No_Discrim
1,63,13,15,1.76310299187605,1.76310299187605,1.76310299187605,5.82877360102987,5.82877360102987,-133.236897008124,225,1,0,0.103733770331047,0.386388110682077,1.30052755813713,2542.81398676439,118.750237220008,119.897530982081,0,0,0,0,0,No_Discrim
1,64,13,15,0.791805990672117,2.59083643163103,1.67358748541739,2.09705954475351,1.63047512685006,-44.2081940093279,315,1,0,0.143908773726253,0.412612178967038,1.27164196235523,1144.88531415952,130.982662268422,131.430532116051,0,0,0,0,0,No_Discrim
1,65,13,15,-4.35190424930205,-4.66572462570956,-4.66572462570956,-8.16849701826257,-7.01594656465638,40.6480957506979,45,1,0,0.106212314056592,0.390179690664212,0.650041584489344,1457.87579955998,156.116080613761,156.795723674846,0,0,0,0,0,No_Discrim
1,66,14,15,4.54138354388908,9.9431161585579,4.4516586936675,4.97956105303669,4.58537992534951,139.541383543889,135,1,0,0.134100663308715,0.398340346208983,1.20869885017697,1103.46084869188,96.4010486543937,96.4010486543937,0,0,0,0,0,No_Discrim
1,67,14,15,-2.96349068254051,-2.96349068254051,-2.96349068254051,1.5964563028877,1.48862351790524,-137.963490682541,225,1,0,0.106522995861951,0.402834716077592,0.8763690731586,2296.80336081923,116.084705571094,117.10060359278,0,0,0,0,0,No_Discrim
1,68,14,15,-1.13155012446322,2.23919742251098,-1.13155012446322,0.726881501695573,-0.359065831405644,-46.1315501244632,315,1,0,0.157788498403193,0.349995372824196,1.60618376979022,832.782078651232,120.974002800036,121.21030258344,0,0,0,0,0,No_Discrim
1,69,14,15,-0.336013688072853,-0.336013688072853,-0.336013688072853,6.99909677013886,6.37443808099215,-135.336013688073,225,1,0,0.106180765130489,0.424727567511695,0.90990678343934,2903.24147404762,139.77587688244,139.77587688244,0,0,0,0,0,No_Discrim
1,70,14,15,-3.43302728149064,-3.92519885002788,-3.92519885002788,-12.7112221149023,-11.3654307210231,41.5669727185094,45,1,0,0.0787695558271935,0.411270598444048,0.969079648719116,1868.34988794158,164.80455553163,164.80455553163,0,0,0,0,0,No_Discrim
1,71,15,15,1.83874307708936,2.09982596977017,3.83487145649718,3.88439941485797,3.75014827394278,-43.1612569229106,315,1,0,0.123902247605542,0.38614773791204,0.84475284270826,1145.32550002301,150.634835238724,150.926433383429,0,0,0,0,0,No_Discrim
1,72,15,15,3.53563432038209,25.3815489302769,3.5483943670431,3.7842040949981,3.49256706912982,138.535634320382,135,1,0,0.131634438687399,0.409200387961732,1.03879766742261,975.941366651233,92.5486316059766,92.5486316059766,0,0,0,0,0,No_Discrim
1,73,15,15,-1.69216621792604,-4.8933029020805,-4.8933029020805,-6.24620000777713,-5.42371245130746,43.307833782074,45,1,0,0.116571779515596,0.399787690750827,0.973573718122225,1332.20311677953,136.558180709324,137.332455719608,0,0,0,0,0,No_Discrim
1,74,15,15,2.19250170167527,3.88609808952117,3.88609808952117,4.10193143961516,3.88609808952117,-42.8074982983247,315,1,0,0.150937273523766,0.421418535865485,0.511825438890753,1241.09776109718,132.459648714976,132.666561999704,0,0,0,0,0,No_Discrim
1,75,15,15,4.48733545338052,17.5440697705212,2.74269122180428,1.8465281034741,1.82843856411711,139.487335453381,135,1,0,0.142465635707936,0.464516472144851,1.05239014663925,776.254244776425,85.3646233938659,85.3646233938659,0,0,0,0,0,No_Discrim
1,76,16,15,-1.99770055340053,-1.35564483163512,-1.35564483163512,3.51653425783019,4.25683994883417,-136.997700553401,225,1,0,0.0819635090097108,0.400115198650155,1.47513373740071,1609.25644620272,133.332916359756,136.190598100306,0,0,0,0,0,No_Discrim
1,77,16,15,-2.54815500751376,-2.72545821789681,-2.72545821789681,-7.38915420934895,-6.70107043748079,42.4518449924862,45,1,0,0.079249700435355,0.37025609314918,0.948606498958497,1756.55515432072,160.46890725545,160.46890725545,0,0,0,0,0,No_Discrim
1,78,16,15,-1.11244862006822,5.09200415896689,-0.830110938425889,-0.0852768715853358,-0.0852768715853358,133.887551379932,135,1,0,0.141593683484359,0.409084708566013,0.870148826800062,972.764616034218,84.0737422379437,84.4139939112143,0,0,0,0,0,No_Discrim
1,79,16,15,3.25221755093298,3.25221755093298,3.25221755093298,7.5912444723603,7.54697398700978,-131.747782449067,225,1,0,0.0893384460621292,0.378575094256291,1.17076472193122,1407.25155796345,125.283363129171,125.283363129171,0,0,0,0,0,No_Discrim
1,80,16,15,3.16655199919865,4.6652856448946,3.1665519991987,3.98773427021268,4.68495819208948,-41.8334480008013,315,1,0,0.150768411652791,0.375089689089975,0.862839391327952,891.243576236704,118.829498016381,119.438953520733,0,0,0,0,0,No_Discrim
1,81,17,15,9.56468156073277,9.5150552516599,9.5150552516599,NaN,3.40941785723638,144.564681560733,135,1,0,0.121355798572381,0.401552928281205,54.9873263456965,1225.94727270458,NaN,79.7769963093777,1,0.5,1,4,105,q
1,82,17,15,2.78074242559262,2.78074242559256,2.78074242559256,8.0179514887418,7.70700051639301,-132.219257574407,225,1,0,0.0995158291478333,0.412345365192493,1.53139749122937,2659.20055393616,127.035079744884,127.035079744884,1,0.5,-2,4,285,q
1,83,17,15,1.99806214580445,1.99806214580445,1.99806214580445,3.10823401733762,2.70551522144831,-43.0019378541956,315,1,0,0.140377397267628,0.409144501292474,0.903365639433787,2247.3273826354,154.886992732177,155.462578936926,1,0.5,-1,4,345,q
1,84,17,15,2.03978161443202,2.03978161443201,2.03978161443201,-0.273958348325017,-0.119507229039392,47.039781614432,45,1,0,0.0947663636767402,0.388730242860561,3.75846622942805,1324.98811055835,119.379558188537,119.379558188537,1,0.4,0,1,45,b
1,85,17,15,5.28640377336302,5.28640377336302,5.28640377336302,8.91399385372722,9.01651289435529,-39.713596226637,315,1,0,0.13971547075198,0.407551130292859,1.11579086847888,2161.07851187563,132.459361095054,132.459361095054,1,0.3,-2,3,15,d
1,86,18,15,0.755784169102071,0.755784169102071,0.755784169102071,4.26298912608075,4.2072269688245,-134.244215830898,225,1,0,0.09474773478712,0.403191369175204,1.69765011579943,1422.79580020119,128.599820630295,130.530270305146,1,0.3,-1,1,255,q
1,87,18,15,3.38550742121055,0.314938488019607,2.80007267197769,NaN,3.25860665966226,138.385507421211,135,1,0,0.157226927519105,0.471879991490766,1.21154666657043,625.62718931861,NaN,74.4244949833093,1,0.4,-2,2,195,p
1,88,18,15,3.37803077091512,3.37803077091512,3.37803077091512,-5.05726370338466,-4.91202343216639,48.3780307709151,45,1,0,0.0948571043975335,0.413621143669559,1.15271422922694,2754.45534700994,131.584834201471,132.479690790427,1,0.4,1,2,15,d
1,89,18,15,4.05089413122795,5.54433432508364,5.54433432508364,5.93954438857645,5.54252043180912,-40.9491058687721,315,1,0,0.139639753329504,0.408905630852473,1.45455993154172,1202.09962981114,143.586822346262,144.053351863832,1,0.3,2,2,255,b
1,90,18,15,-3.34607444088564,-6.25609711849589,-3.7160613023204,-6.19608776589565,-6.63686621357901,41.6539255591144,45,1,0,0.0822808010663607,0.418451434484439,3.02856349627012,1691.10758567738,149.405496301436,149.405496301436,1,0.3,-2,2,105,p
1,91,19,15,0.255131672157745,4.21435726282084,0.255131672157745,5.58161316810538,5.23948308204785,-134.744868327842,225,1,0,0.0910703318706965,0.393963158065503,0.931131398572745,1559.63789858725,141.978653896051,141.978653896051,1,0.4,1,2,195,d
1,92,19,15,0.0898610162698787,-20.4136899249981,-152.148654249036,1.09709170236323,1.09709170236323,135.08986101627,135,1,0,0.141594885348184,0.428625211978897,1.55271855593662,823.090469209721,86.3206866981408,86.6580033289982,1,0.4,2,3,75,p
1,93,19,15,1.30354780047486,2.13199558382013,2.13199558382013,6.71771944019486,6.29718153902888,-133.696452199525,225,1,0,0.0933118079518636,0.396608159934488,1.34922407669814,1581.17077254574,148.266224246465,148.266224246465,1,0.3,2,1,165,b
1,94,19,15,-2.60777165341276,-3.09494074112065,-3.09494074112065,-8.07441225656218,-7.49050813452632,42.3922283465872,45,1,0,0.0946356609829877,0.456241339068583,0.919188777957174,1455.5684541786,154.140729840733,154.140729840733,1,0.5,1,1,15,q
1,95,19,15,1.42743067905769,1.65247254686233,1.65247254686233,3.84008815440939,3.01356522467313,-43.5725693209423,315,1,0,0.0941690373431356,0.369544289283908,1.22045187677031,1412.80818136541,162.312182698824,163.255529279777,1,0.4,-2,1,15,b
1,96,20,15,10.5186674198364,73.6335272522839,10.5186674198364,20.0000023641514,20.0000023641514,145.518667419836,135,1,0,0.103692306028108,0.352299946757512,1.42290524144875,1111.632917901,102.645390442899,103.457071544117,1,0.3,1,4,105,d
1,97,20,15,0.654591967413353,0.654591967413296,0.654591967413296,7.11272798975779,6.82403726600455,-134.345408032587,225,1,0,0.0957245496315409,0.419983510427983,1.50959598144817,3132.51614019782,146.020383331502,146.020383331502,1,0.5,1,3,195,q
1,98,20,15,-4.65907259618053,-4.65907259618053,-4.65907259618053,-10.0741402696381,-9.78732169885679,40.3409274038195,45,1,0,0.0852019311548133,0.418975447123159,1.05418422890216,3140.4667892439,156.693067329549,156.693067329549,1,0.3,2,3,345,p
1,99,20,15,-2.37775140815,-2.37775140815,-2.37775140815,3.31248676424968,1.7969855589929,-47.37775140815,315,1,0,0.140844321373606,0.389626232361024,1.47003062349086,2221.00900393994,167.901948519139,168.451808556968,1,0.5,0,4,315,d
1,100,20,15,7.96084748943068,-10.1995789963278,7.62759639178063,NaN,1.67404271857978,142.960847489431,135,1,0,0.130531428138738,0.413936332464459,1.13679974905085,991.155422517261,NaN,78.2206531269427,1,0.3,2,3,75,p
1,101,21,15,-4.5481077528822,-8.709247158925,-8.709247158925,-9.63215446447175,-9.16918949200198,40.4518922471178,45,1,0,0.107878097353307,0.430336666101823,4.29022307794918,1441.61745758392,142.940476504709,142.940476504709,1,0.3,-1,2,75,d
1,102,21,15,-0.185804270122219,-0.185804270122219,-0.185804270122219,1.15212558583966,0.179013896614435,-45.1858042701222,315,1,0,0.155364038550999,0.432960935819494,0.947107173804909,1942.21361591492,155.235928011397,155.446475677935,1,0.4,2,2,255,q
1,103,21,15,-0.57432656418797,0.530537096796991,168.631373720495,8.11118762418329,7.41400524927073,134.425673435812,135,1,0,0.135103318225845,0.414708229522148,0.937102859114134,1062.90279151679,94.2959901135126,94.3866410079383,1,0.4,-1,1,165,d
1,104,21,15,-0.800951258234136,-0.800951258234136,-0.800951258234136,7.44533127665261,6.30658049376444,-135.800951258234,225,1,0,0.0950995804292916,0.386322308636124,1.47470887852887,1526.00403384619,161.451384496129,161.451384496129,1,0.5,1,1,195,p
1,105,21,15,7.23373887380507,7.48371926716629,7.48371926716629,11.0765234694633,10.6914296590299,-127.766261126195,225,1,0,0.0955301481537276,0.42454939119591,1.55401206190623,1336.56031404427,128.693517630078,128.693517630078,1,0.4,-2,3,285,p
1,106,22,15,2.38387091269243,2.85162076406164,2.85162076406164,4.28161987037822,3.87933520449928,-42.6161290873076,315,1,0,0.151729301801197,0.419368456602569,1.38938736192085,1141.2120357695,164.006294932301,164.988456597595,1,0.3,-2,3,15,d
1,107,22,15,-6.26405942367144,-6.91810806387462,-6.91810806387462,-11.6001121021623,-10.5308645152723,38.7359405763286,45,1,0,0.0975054113919782,0.398360777894197,1.99502788925093,1695.93835071422,171.500321911179,171.500321911179,1,0.5,-1,2,75,q
1,108,22,15,-0.930539750841405,-0.230998464454103,-0.230998464454103,3.45231094996319,3.40805433500873,134.069460249159,135,1,0,0.156176798979743,0.416905236641071,0.999561319694635,1122.63794911479,83.9071735610757,84.1293484119685,1,0.4,0,4,135,q
1,109,22,15,2.18504873529383,3.72153139651334,3.72153139651334,3.59400348057693,3.71450541274271,-42.8149512647062,315,1,0,0.154660347266486,0.381014577406631,1.42554753912356,1124.80332127252,157.703415051807,157.951802988353,1,0.3,2,4,255,b
1,110,22,15,-0.790646762061442,-0.576386315105196,-0.576386315105196,4.0775227792243,3.05960697992884,-135.790646762061,225,1,0,0.104915202495988,0.408054711246052,1.35834231726602,1376.51400887262,157.648857476579,158.571079681615,1,0.3,-2,3,285,p
1,111,23,15,1.89788449300363,2.68491584064392,2.68491584064392,4.1806216342668,3.86821942343585,136.897884493004,135,1,0,0.125209875475321,0.428090983496759,0.876796335757376,1285.63855613094,93.2111049323656,93.2111049323656,1,0.5,-1,2,165,p
1,112,23,15,-5.71247023775334,-5.71247023775334,-5.71247023775334,-8.1294187747096,-8.1294187747096,39.2875297622467,45,1,0,0.0958486420739746,0.40374392608021,1.20271747425932,1406.61645601353,131.315503340873,132.442650176,1,0.5,0,4,45,b
1,113,23,15,7.8015804452244,91.0195434652449,6.46915198088442,5.16737461786673,5.33991443482068,142.801580445224,135,1,0,0.13764015234824,0.430784360385815,1.15749344082815,880.163215641741,94.7150858232629,94.831939856583,1,0.4,1,3,105,p
1,114,23,15,-9.0171117708742,-13.673577710969,-9.42076713130334,-14.540025810329,-13.673577710969,35.9828882291258,45,1,0,0.0980113960731614,0.431633477196442,1.17238723812841,1555.84832832814,167.577503554995,169.343768130109,1,0.5,1,1,15,q
1,115,23,15,-2.87612671552995,0.0371547646715271,0.0371547646715271,5.46552026798008,3.93139434871421,-137.87612671553,225,1,0,0.0969062822624664,0.398105381825872,1.69988017417484,2499.05680911459,150.190664394642,150.608663603537,1,0.3,2,4,165,p
1,116,24,15,-3.08820926741379,-2.72485652023698,-2.72485652023698,-1.36674893802564,-0.731405643097617,-48.0882092674138,315,1,0,0.144885588570673,0.417204500739558,1.50798067643234,1007.34181953287,145.315214686591,145.576714947658,1,0.5,2,3,255,p
1,117,24,15,9.33251191280382,18.3746161780145,8.7901273564535,3.82895768294591,4.73478999908315,144.332511912804,135,1,0,0.137143482111924,0.399309949869803,1.23808832737802,1235.24489359371,93.5899049360322,93.9141138550635,1,0.3,2,1,75,d
1,118,24,15,-0.0397990882651129,-0.0397990882651129,-0.0397990882651129,3.32759450363505,1.91774900720355,-45.0397990882651,315,1,0,0.147402591939795,0.395170129837311,1.50479213163817,1964.90510029958,157.134032312292,157.480936509552,1,0.4,2,2,255,d
1,119,24,15,6.34082299638214,11.0945208397967,6.34082299638214,8.70337639707918,8.54618365392906,-128.659177003618,225,1,0,0.10842224121177,0.418757909767237,1.26241315031302,1226.57534219468,143.546332647092,143.546332647092,1,0.4,-1,1,255,p
1,120,24,15,-8.73152688776315,-8.73152688776315,-8.73152688776315,-10.4801371517347,-10.4149504809897,36.2684731122368,45,1,0,0.0968425834785194,0.407415620143524,0.904160371904823,2868.91756962133,146.636900024082,147.497439612939,1,0.4,-2,4,105,d
1,121,25,15,3.74181728662279,-3.1255730471004,3.50377586747231,3.74313724065561,3.60425801427911,138.741817286623,135,1,0,0.154492386793208,0.426847955809762,1.66185200007965,1222.67591016831,97.5770058099019,98.0462696070309,1,0.5,1,1,105,p
1,122,25,15,-0.451675914337613,-0.451675914337613,-0.451675914337613,4.84990403853215,4.11186430754566,-135.451675914338,225,1,0,0.0960781980696765,0.394599845440666,1.55252715911683,1402.06207696195,163.587090145349,163.587090145349,1,0.4,-2,3,285,d
1,123,25,15,2.11450482009047,2.83596132688262,2.52110323978673,3.61440801662445,2.80893970145695,-42.8854951799095,315,1,0,0.153623138763578,0.39489520348161,1.24476347920313,928.088063138171,151.645828193784,152.393001769935,1,0.3,-1,4,345,n
1,124,25,15,-10.381149393995,-11.1210142437583,-10.7442274533007,-17.3174090943892,-14.6113881731999,34.618850606005,45,1,0,0.0951912225477827,0.421329597940485,1.3102100737824,1307.98248867598,152.046218914076,152.046218914076,1,0.5,-1,3,75,b
1,125,25,15,-2.12706533200333,-2.12706533200333,-2.12706533200333,4.21541010458373,3.05204775897562,-137.127065332003,225,1,0,0.104123174218785,0.428035096827216,1.15301890171258,1407.82417141332,149.899201467786,149.899201467786,1,0.4,-2,4,285,q
1,126,26,15,-9.26358823069292,-9.26358823069292,-9.26358823069292,-6.36609547739545,-7.00345835192012,35.7364117693071,45,1,0,0.1233115315232,0.407601909040977,1.31064544896162,2350.57686951435,127.352955707636,127.352955707636,1,0.3,-2,3,105,d
1,127,26,15,-5.1243446453156,-5.09552680818115,-5.16586974956181,-4.05560375353218,-5.09552680818115,-50.1243446453156,315,1,0,0.140890292665858,0.414881898848648,2.13555431763734,944.226571339712,138.644083515275,138.854050863742,1,0.5,1,1,285,b
1,128,26,15,4.41121836694273,161.379434905394,3.84775349643604,3.56260582788443,3.28708034127888,139.411218366943,135,1,0,0.140269830453349,0.433507182939138,1.31051654906423,1133.75715015862,96.017345193161,96.3907201281769,1,0.4,2,1,75,p
1,129,26,15,-0.149484110762785,-0.149484110762785,-0.149484110762785,7.38826217504681,6.80095933538382,-135.149484110763,225,1,0,0.0934016472748453,0.384358763570503,1.27593081350562,3113.35655314484,155.530731503691,155.530731503691,1,0.5,-2,4,285,q
1,130,26,15,-4.91405609962902,-1.79125295012273,-4.30077520255912,-0.863791364795361,-1.41243730238551,-49.914056099629,315,1,0,0.130524216955678,0.366502672343586,1.04617771239657,1025.38461861783,135.004381764636,135.462585639166,1,0.4,0,3,315,p
1,131,27,15,2.51972747426331,11.9928720766993,3.32897509147617,3.13472209437043,3.14608245827839,137.519727474263,135,1,0,0.120370570681189,0.437709499892208,1.58052067145798,1045.35033120932,92.527795276006,92.9690347374489,1,0.3,1,4,105,q
1,132,27,15,-1.43081552361221,-1.85252513257224,-1.85252513257224,-7.04883379813612,-6.15155462848426,43.5691844763878,45,1,0,0.0926027082799692,0.410639619922563,1.20884728036265,1633.25348527649,159.227687464987,159.227687464987,1,0.3,-2,3,105,d
1,133,27,15,0.515967935064794,5.37807251673968,0.621587180212373,0.753055864278053,0.882643392041757,-44.4840320649352,315,1,0,0.149818939210832,0.395828450761428,1.66546540374691,949.482309791711,134.554418746353,134.918069069729,1,0.4,-1,2,345,d
1,134,27,15,-3.36210661186888,-2.37289072314258,163.130534450404,1.9508564801622,1.57402412241876,131.637893388131,135,1,0,0.138026551576331,0.432238014713107,1.00133707353382,1093.94844691531,91.6207979906102,92.2820905554759,1,0.3,-1,1,165,d
1,135,27,15,-0.784174013345762,0.671211094477485,0.671211094477485,5.99121572106606,4.84089016094185,-135.784174013346,225,1,0,0.0942970358431694,0.414966029318407,1.11381109825163,1440.53027028548,153.476939457722,154.998446983843,1,0.5,1,2,195,d
1,136,28,15,-4.1281819778113,-4.12818197781129,-4.12818197781129,-9.15616364889711,-8.76242638286137,40.8718180221887,45,1,0,0.104972891960642,0.44465567201587,1.84958463585394,2798.2919382321,150.83713498307,150.83713498307,1,0.4,0,4,45,q
1,137,28,15,1.13572990791801,1.13572990791801,1.13572990791801,2.41542653875877,2.82462222047741,-43.864270092082,315,1,0,0.158925461606145,0.413484732122015,1.25791277112535,1759.44767152029,125.155399605123,125.821788659242,1,0.4,-1,2,345,[{
1,138,28,15,0.43646331085597,150.754330076331,0.43646331085597,3.79110165245453,3.97040525465457,135.436463310856,135,1,0,0.134801650399595,0.420949808963883,1.60930350787999,1204.77691610857,80.3821082188304,81.0336022984837,1,0.5,-2,2,195,q
1,139,28,15,-0.327444021175324,0.161390936727798,0.161390936727798,5.5555097435705,5.01038261463401,-135.327444021175,225,1,0,0.0947146835312651,0.389490121280232,1.55741754312498,1370.84765161287,130.059082167558,130.059082167558,1,0.4,0,2,225,d
1,140,28,15,-2.25625838311415,-2.25625838311415,-2.25625838311415,-8.03788384305267,-6.86090472653798,42.7437416168858,45,1,0,0.0947059700181399,0.415523093212755,1.52004198110433,1426.56529908778,145.363789372809,145.782993030145,1,0.5,-2,1,105,d
1,141,29,15,4.38517610348475,4.38517610348475,4.38517610348475,5.80198385866626,5.79009884713426,139.385176103485,135,1,0,0.14434775449763,0.396417964979946,0.992995237013929,1247.0220174884,84.8055855567024,85.2140919248166,1,0.5,0,3,135,p
1,142,29,15,1.96036498743918,1.96036498743917,1.96036498743917,-5.60321496533552,-4.59602323432088,46.9603649874392,45,1,0,0.0972863717053087,0.411660603263272,1.32524328729039,1415.11340763156,146.221007112504,146.221007112504,1,0.4,0,2,45,q
1,143,29,15,-3.4015288870188,-3.4015288870188,-3.4015288870188,5.95141001221475,4.93859077528089,-138.401528887019,225,1,0,0.0862824067563679,0.379429619453845,1.28224360338015,3098.93077554344,158.052098812265,158.052098812265,1,0.5,2,1,165,d
1,144,29,15,1.06851649612031,5.62291304486178,0.831430279748702,-0.245024847706134,-1.02915521874098,-43.9314835038797,315,1,0,0.140860546535237,0.397475004236526,1.44770239687671,928.657397011975,136.371514311485,136.371514311485,1,0.4,1,4,285,q
1,145,29,15,-7.68300890680969,-7.68300890680969,-7.68300890680969,-9.4832646740469,-9.10786649962866,37.3169910931903,45,1,0,0.0860654703312775,0.413932726872531,0.854819053389178,1490.02830737106,142.885127833683,142.885127833683,1,0.5,-2,2,105,p
1,146,30,15,5.23370169867425,41.9441947604201,5.88850167406707,7.76669724380343,7.82303307387909,140.233701698674,135,1,0,0.134245788368389,0.432897237035945,1.54329384008633,1099.39032261131,84.8234392461401,84.8234392461401,1,0.5,2,2,75,p
1,147,30,15,1.26969350175148,1.26969350175148,1.26969350175148,5.9620028492098,5.85933201738862,-133.730306498248,225,1,0,0.0968546021168777,0.390117193744345,1.01065211930563,1423.32832168466,133.563484919858,133.563484919858,1,0.3,-2,3,285,d
1,148,30,15,1.93395792966629,1.16364152710946,1.16364152710946,1.14980887374844,1.16364152710946,-43.0660420703337,315,1,0,0.14047204404585,0.397238537524004,1.15209406748068,1001.62064515566,123.779979379233,124.374568369857,1,0.4,1,3,285,q
1,149,30,15,3.0610743400922,6.87124869356182,6.87124869356182,8.03591326985588,7.5590129894822,-131.938925659908,225,1,0,0.0957359673379869,0.395615720860292,1.04852885855405,1443.66636989237,135.417398284287,135.417398284287,1,0.5,0,1,225,b
1,150,30,15,-5.01093140079888,-5.40837931568052,-5.40837931568052,-10.986522084471,-9.93217514351011,39.9890685992011,45,1,0,0.0839327629289528,0.43829510805358,1.12571676155437,1696.16853376269,161.623958883299,162.556045193818,1,0.3,1,2,15,d
1,151,31,15,1.4184280222056,3.89531097562792,3.89531097562792,3.69362308759713,3.88257539456407,-43.5815719777944,315,1,0,0.148943381395839,0.388581512209839,1.1052406071334,987.74934262849,131.245478890001,131.589339263834,1,0.4,1,4,285,d
1,152,31,15,5.50677788853207,5.5067778885321,5.5067778885321,3.78103246973436,3.80586224270007,140.506777888532,135,1,0,0.132975718744774,0.422122527615784,1.04393563538304,1320.63565087851,86.9332453337076,87.207671738688,1,0.3,1,4,105,p
1,153,31,15,-5.73046504750607,-5.97740318961606,-5.97740318961606,-9.88861402153218,-8.7504146123946,39.2695349524939,45,1,0,0.0953690983977822,0.410575620672375,1.14610968690181,1485.63710161278,153.828443759303,153.828443759303,1,0.3,-1,1,75,d
1,154,31,15,-0.651045635780974,1.7499255172018,0.43946512070363,1.31112169656649,1.47098123249413,-45.651045635781,315,1,0,0.141471994769745,0.365821215540677,1.39124063597797,920.023238120339,135.484920704379,135.752413608117,1,0.5,2,1,255,d
1,155,31,15,3.00082991317171,58.2224265604341,3.00082991317171,2.92257681758869,2.66137621078403,138.000829913172,135,1,0,0.141574754128555,0.469272547867149,1.39590476911644,1237.78013051057,83.9561842482039,84.2483138028669,1,0.3,0,1,135,b
1,156,32,15,-2.57354464350078,-2.57354464350078,-2.57354464350078,5.41824335168326,4.7461859503473,-137.573544643501,225,1,0,0.0755614807442271,0.413082708664433,1.22366025231884,3309.77128778536,160.573886087737,160.573886087737,1,0.4,1,2,195,d
1,157,32,15,-5.47660253322528,-5.47660253322528,-5.47660253322528,-9.3767108158888,-8.94545811235705,39.5233974667747,45,1,0,0.0953612862824684,0.389911675025928,0.893021497738914,1604.31857051753,148.189462315525,148.189462315525,1,0.3,-1,3,75,b
1,158,32,15,-1.72265838219073,-1.28947556004476,-1.28947556004476,0.550874624685321,0.550874624685321,133.277341617809,135,1,0,0.152230779492697,0.390314900347903,1.08088303340799,1162.38549496268,90.1268830845293,90.3769872240523,1,0.5,2,3,75,b
1,159,32,15,1.71949240029789,1.71949240029789,1.71949240029789,6.83015582258986,6.46454347139701,-133.280507599702,225,1,0,0.105716244752557,0.40062028193347,1.20595499500621,2998.23748918585,146.075028219405,146.075028219405,1,0.3,1,4,195,q
1,160,32,15,0.98662881051348,3.71496295674831,3.71496295674831,3.45281852368765,3.79321259193779,-44.0133711894865,315,1,0,0.152463039681834,0.415033333693373,0.758564181332304,1228.58883431676,125.214834191183,125.214834191183,1,0.4,-1,4,345,d
1,161,33,15,0.106484887820443,0.682596486473244,0.682596486473244,7.98540220793529,6.94434788863327,-134.89351511218,225,1,0,0.0837140237077847,0.416520640209001,1.02935011615989,1595.44336287751,153.196200646238,153.196200646238,1,0.5,0,1,225,b
1,162,33,15,4.65797836601183,6.37222077717001,6.37222077717001,5.68084327253325,6.51475990068127,-40.3420216339882,315,1,0,0.144095062623478,0.368482442572031,1.02766780723528,985.956014230857,130.209874779834,130.580775497856,1,0.3,1,4,285,q
1,163,33,15,6.6125103901702,27.7049200283753,-176.145668096681,11.1894606041684,11.1894606041684,141.61251039017,135,1,0,0.142914531855922,0.411472812036891,0.956655681630878,1078.91693463795,92.3239585454491,92.5655715693088,1,0.5,2,2,75,b
1,164,33,15,-2.86643426926189,-4.07002874502301,-4.07002874502301,-6.43179668302012,-6.44984965694785,42.1335657307381,45,1,0,0.105422088575096,0.385590373551736,1.46474482627718,2557.31781624867,130.926248021233,130.926248021233,1,0.5,-2,2,105,p
1,165,33,15,5.64021930624301,9.70768332012693,174.293924623839,3.7863780477239,3.79323299217117,140.640219306243,135,1,0,0.142342444662859,0.439518905919044,1.18170168296979,878.274162073464,86.1671206956115,86.6354636996518,1,0.4,0,4,135,q
1,166,34,15,1.13188241959409,1.13188241959409,1.13188241959409,2.62618574353257,2.83639606603907,-43.8681175804059,315,1,0,0.143227617388902,0.440947321105682,1.11782712630747,1898.99327253318,124.083706806144,124.486704281877,1,0.5,-2,2,15,b
1,167,34,15,-0.704038023862608,-0.188147638168118,-0.188147638168118,5.25018799911459,4.76148953058197,-135.704038023863,225,1,0,0.0861841543868422,0.448452660385669,0.985022072230208,1405.5348580297,135.819145794286,135.819145794286,1,0.4,2,3,165,d
1,168,34,15,-3.29143398469387,-3.29143398469387,-3.29143398469387,-8.14582573432653,-7.73151151410062,41.7085660153061,45,1,0,0.0841605161281223,0.423265800603644,0.891026704212777,1546.29884970471,140.300921967916,140.300921967916,1,0.4,0,3,45,d
1,169,34,15,0.479311542249491,0.479311542249491,0.479311542249491,0.999552425942454,1.34108528543095,-44.5206884577505,315,1,0,0.131486008502179,0.377820924689559,0.916407965473581,2221.73723760875,143.602835255782,143.905557063411,1,0.5,-2,3,15,d
1,170,34,15,-3.43907633457586,-3.43907633457586,-3.43907633457586,-5.28407161478606,-5.00447586039196,41.5609236654241,45,1,0,0.113228795215491,0.410733365302917,1.13350243557647,2384.30655064523,121.644697152622,121.644697152622,1,0.3,1,4,15,q
1,171,35,15,0.1841424243446,0.672594543520802,0.1841424243446,6.27689598982414,6.07800665924537,-134.815857575655,225,1,0,0.0851532556687289,0.406659647782249,1.06456472697835,1427.43350551555,131.034115091147,131.034115091147,1,0.5,-2,4,285,q
1,172,35,15,8.04708062917769,117.063944166295,8.30853736412959,7.22688317766205,7.25802190235862,143.047080629178,135,1,0,0.151415014404392,0.423265500137404,1.07216922002601,1072.68851019039,86.1106250442744,86.1106250442744,1,0.5,-2,1,195,p
1,173,35,15,-2.09784108249295,-2.09784108249295,-2.09784108249295,3.17117370701135,3.65703220131951,-47.0978410824929,315,1,0,0.14469118709269,0.399210796102579,1.47914826312592,1938.11060331167,131.585175136811,132.274724228039,1,0.5,1,4,285,d
1,174,35,15,-4.53990051263085,-171.616716439044,-171.616716439044,NaN,-4.12460106632926,130.460099487369,135,1,0,0.144426777045396,0.434196451857929,1.21190842758961,1048.29362921583,NaN,79.5498510610841,1,0.3,2,2,75,q
1,175,35,15,-3.14249311332975,2.77305516366766,-2.6154527047205,4.03337354643281,3.42457302383281,-138.14249311333,225,1,0,0.0966608015711472,0.396882485358219,1.55193403930889,1594.78569350955,156.149076049834,156.149076049834,1,0.4,1,2,195,d
1,176,36,15,-2.7401027001807,-2.7401027001807,-2.7401027001807,-8.03782381350366,-7.38282110135411,42.2598972998193,45,1,0,0.0950533086707992,0.440903753540965,1.32171882154876,2937.77075089294,142.78135643313,142.78135643313,1,0.5,0,3,45,p
1,177,36,15,-2.6962770236208,-2.6962770236208,-2.6962770236208,-8.62620680944122,-7.41272057755319,42.3037229763792,45,1,0,0.105481280369872,0.403002676551068,1.69447238778025,1340.78425611502,141.656543110926,141.676540431225,1,0.4,-2,1,105,p
1,178,36,15,2.891164317738,3.76581758541636,3.76581758541636,9.5037144932848,8.75263829173662,-132.108835682262,225,1,0,0.084527986000694,0.408653840375905,1.5212240142007,1598.832830833,148.58643057782,148.58643057782,1,0.5,0,3,225,q
1,179,36,15,0.452882028417264,-1.7561600368885,0.452882028417264,2.57248183147891,2.58241853360289,-44.5471179715828,315,1,0,0.150452922391764,0.377289700867777,1.58930930086365,928.519997466083,124.936360888991,125.83281590018,1,0.4,2,1,255,d
1,180,36,15,12.7279557367824,27.6281399009928,154.792161470442,8.99476498008045,9.08830826339204,147.727955736782,135,1,0,0.133770150749683,0.412888607652462,0.840069179283205,936.035303839631,83.96580964857,84.0663113421931,1,0.3,2,1,75,p
1,181,37,15,-2.7942318268172,-111.897929745856,-2.66504220199462,NaN,-2.36015555178258,132.205768173183,135,1,0,0.152592540512046,0.421417634467048,1.58258727634745,875.953395110928,NaN,75.6237717800275,1,0.5,-1,1,165,d
1,182,37,15,1.5746824140906,2.17628288214428,2.17628288214428,9.09256114531502,8.19444236239275,-133.425317585909,225,1,0,0.0947342138188105,0.405857103196126,2.08854371359041,1556.11008283269,156.589588307309,156.589588307309,1,0.3,1,2,195,d
1,183,37,15,-6.62774247026914,-6.62774247026914,-6.62774247026914,-8.96331194373372,-8.92716130741287,38.3722575297309,45,1,0,0.104424842045091,0.441775705764485,0.883823032759892,2633.80145448629,135.597160977148,135.597160977148,1,0.4,-1,1,75,d
1,184,37,15,-3.38002119113742,-3.06488909244706,-3.33720908185876,-2.94008493038484,-3.33720908185876,-48.3800211911374,315,1,0,0.161270898909947,0.412992869341565,0.919671927225863,885.694677815394,112.733209414182,113.405879729374,1,0.5,1,3,285,d
1,185,37,15,2.99435213722103,3.18146984087332,3.18146984087332,3.61391056135784,3.4208312347622,-42.005647862779,315,1,0,0.143613716150753,0.400101076750161,1.30364609436231,1248.91875646441,107.841014677087,108.213984830029,1,0.3,0,4,315,d
1,186,38,15,-6.363724110543,-6.363724110543,-6.363724110543,-8.75060678354587,-8.40101758154629,38.636275889457,45,1,0,0.111941899497651,0.452861697921094,0.739688609094856,2496.42924760332,126.947442176052,126.947442176052,1,0.4,-2,3,105,d
1,187,38,15,-0.0775704508423587,-0.0775704508423587,-0.0775704508423587,6.15704940032037,6.32009471103981,-135.077570450842,225,1,0,0.0938799890872133,0.393989899536223,0.996273320666546,1373.36753229607,128.489378261999,128.489378261999,1,0.3,-1,4,255,q
1,188,38,15,4.57838185210548,4.82549677984869,4.21260180166018,2.83719347436309,2.83719347436309,139.578381852105,135,1,0,0.149992608537445,0.443570388958847,0.910234892271092,711.475063484144,84.1910155414102,84.4888472546233,1,0.3,-1,2,165,q
1,189,38,15,-1.83525177965691,-1.40320480763728,-1.40320480763728,-1.14896476510762,-1.19986804020135,-46.8352517796569,315,1,0,0.139329371990357,0.401835967218176,0.944106119770481,1125.62262228683,109.270594709012,110.028206895344,1,0.3,-2,3,15,d
1,190,38,15,-7.9937981300789,-7.99379813007889,-7.99379813007889,-11.5915607318784,-11.4465083434817,37.0062018699211,45,1,0,0.0854167643182109,0.399777775374105,0.835688686014578,3272.78460721826,140.533258896061,140.533258896061,1,0.5,-2,1,105,p
1,191,39,15,2.14517362500806,2.14517362500806,2.14517362500806,8.677954982438,8.51377488916052,-132.854826374992,225,1,0,0.0943952882130361,0.410541067086228,45.5571753675597,1571.93757327971,141.616311819508,141.616311819508,1,0.5,2,1,165,n
1,192,39,15,0.279201650888695,32.508851742338,0.279201650888723,2.28152777445857,2.33500321057693,135.279201650889,135,1,0,0.15170165893278,0.40238041154214,1.30583979635674,1140.80183052788,80.4825084879386,81.0358692138096,1,0.3,-1,4,165,q
1,193,39,15,3.92045495429363,3.79708589319995,3.79708589319995,2.16781952460593,2.78805355847521,-41.0795450457063,315,1,0,0.162041594104153,0.409035732613802,1.12542290584224,1035.38305228975,106.860142657903,107.084519799729,1,0.3,-1,1,345,d
1,194,39,15,-2.8668687374708,-2.8668687374708,-2.8668687374708,-6.4802115025057,-6.09686005950706,42.1331312625292,45,1,0,0.0867514341239257,0.414743684505879,0.967265435236754,1359.73809941658,129.82668026464,129.82668026464,1,0.5,0,2,45,b
1,195,39,15,-2.46992184095444,3.24030377882889,-1.82506258078683,4.49316096323975,4.10664217280339,-137.469921840954,225,1,0,0.0952314849868117,0.366156836021332,0.942752220143461,1467.981788388,141.464002381829,141.464002381829,1,0.3,2,4,165,d
1,196,40,15,-1.3635440606686,-6.33009692886455,-1.47653637981588,NaN,-3.48307234946634,133.636455939331,135,1,0,0.162657849793618,0.433573886383101,0.933506882472898,857.040741599106,NaN,76.2103890638044,1,0.4,1,3,105,p
1,197,40,15,2.14580299368697,2.14580299368697,2.14580299368697,5.96836485722446,5.81240771599096,-132.854197006313,225,1,0,0.0864512686272292,0.379021887142585,1.36620461010932,1369.79103252734,125.723908198728,125.723908198728,1,0.4,0,2,225,q
1,198,40,15,-4.22831194977397,-8.18929024886779,-4.22831194977396,-9.44882473280455,-9.00837725556354,40.771688050226,45,1,0,0.0778140740663957,0.432407477515994,0.921135797395209,1512.00457630826,144.091517244241,144.091517244241,1,0.4,-2,4,105,d
1,199,40,15,-2.23552425931152,-13.3438656543103,-1.30634128319937,-0.468990902911287,-0.55233274537872,132.764475740688,135,1,0,0.142597239799329,0.389670701324121,0.899068074769957,1127.74076002432,84.5156399598737,84.9402833853089,1,0.3,0,2,135,p
1,200,40,15,2.87796664598363,2.87796664598363,2.87796664598363,0.413368526594923,1.25541257764559,-42.1220333540164,315,1,0,0.160778735663371,0.380297064687966,1.4423829474747,1590.82823124858,101.778478507637,102.505363068987,1,0.4,1,3,285,d
1,201,41,15,0.964282125317709,0.964282125317709,0.964282125317709,7.38774793461505,7.09869970370039,-134.035717874682,225,1,0,0.0962768060710459,0.399165425742353,5.71424695417556,2890.98861809001,136.867170714375,136.867170714375,1,0.5,0,4,225,d
1,202,41,15,7.32224802510672,1.55311742336696,6.89385584636852,1.03868834930205,1.03868834930205,142.322248025107,135,1,0,0.144208037825138,0.402166780242624,0.836088305744852,1131.61123186482,82.968133745477,82.968133745477,1,0.4,2,2,75,d
1,203,41,15,1.34600596044118,0.567096401449021,0.567096401449021,-0.249268208611113,0.158311167498482,-43.6539940395588,315,1,0,0.133463074536053,0.389924294596312,0.945005714861963,1034.83407048649,114.512539685683,114.952167618458,1,0.4,0,2,315,d
1,204,41,15,-5.47392113537218,-6.84711326440319,-5.47392113537217,-7.18641271179751,-7.17804355974162,39.5260788646278,45,1,0,0.0940954231825799,0.419087220461392,1.14611569622059,1412.06600792505,133.659622263125,133.659622263125,1,0.3,0,4,45,q
1,205,41,15,5.11225018829299,4.38957536252667,4.38957536252667,4.60071845986658,4.44733540653493,-39.887749811707,315,1,0,0.134016232373142,0.403164627704541,0.968696855083067,995.467466554607,110.795603058129,111.363386642897,1,0.5,0,2,315,d
1,206,42,15,7.31299182758164,1.36430914609167,7.69395620231421,8.04970615074382,8.04406406031137,142.312991827582,135,1,0,0.136528728752864,0.39848607220074,1.2599376112471,1152.05812167025,83.5796846408146,83.5796846408146,1,0.4,2,3,75,p
1,207,42,15,5.29304346489727,7.72399437062825,7.72399437062825,8.1178444060032,8.43271599837749,-129.706956535103,225,1,0,0.0966713178795544,0.408608770481351,0.977073846120561,1387.43055917411,122.823615365265,124.353969736903,1,0.5,-1,1,255,q
1,208,42,15,-2.89748793923798,-2.89748793923798,-2.89748793923798,-8.16424898595152,-7.38615567849492,42.102512060762,45,1,0,0.0876876860633047,0.370840499445762,1.24030065826105,1438.98435869733,135.198187559754,135.198187559754,1,0.5,2,3,345,p
1,209,42,15,-4.02401995542629,-4.02401995542629,-4.02401995542629,-5.67631881931123,-5.69820863735352,40.9759800445737,45,1,0,0.118984521195557,0.420176710042028,1.12004276231562,2195.47454204597,116.414502062984,117.205632218913,1,0.5,-1,2,75,q
1,210,42,15,2.02788063709409,4.84830333650018,2.02788063709409,5.93037310460096,5.77866262032012,-132.972119362906,225,1,0,0.107019365632482,0.398092762255828,1.1231417682551,1273.11701525706,120.630591163526,120.630591163526,1,0.5,2,1,165,d
1,211,43,15,1.87268608624967,4.51839618527359,1.87268608624967,NaN,2.72825424624122,136.87268608625,135,1,0,0.185209923548996,0.442916875490369,0.91797850105911,856.56517819712,NaN,75.4964466901485,1,0.5,-1,4,165,p
1,212,43,15,2.08565016869721,1.9578826517303,1.15626724378018,0.672883398977888,0.690788762469083,-42.9143498313028,315,1,0,0.162557193695875,0.433144220056533,0.850300345776645,898.518080719975,95.0958295521398,95.4351543848329,1,0.3,2,3,255,d
1,213,43,15,-5.24064880957004,-5.24064880957004,-5.24064880957004,-5.88706374720653,-5.88706374720653,39.75935119043,45,1,0,0.106027227023787,0.464380060597364,0.804379832243967,2366.00716405658,116.749818111107,117.767352986396,1,0.4,0,1,45,q
1,214,43,15,0.946388837079098,0.946388837079098,0.946388837079098,6.3951933213109,6.11441702669754,-134.053611162921,225,1,0,0.1079408947395,0.423141407694629,1.00309329708455,2404.40646884523,129.51034857004,129.51034857004,1,0.4,-2,1,285,p
1,215,43,15,-0.138254909359972,-1.1180647277335,-0.138254909359972,NaN,-2.02830625842739,134.86174509064,135,1,0,0.173032639016583,0.408391834056488,0.929355644734642,852.296913379205,NaN,75.1817318712451,1,0.5,1,2,105,d
1,216,44,15,-2.92031027636517,-2.92031027636517,-2.92031027636517,-2.99448690791701,-3.17481596398471,-47.9203102763652,315,1,0,0.186032599354917,0.379819924739309,0.971172093683208,1338.18943964457,100.517685965444,100.863187342431,1,0.4,1,4,285,d
1,217,44,15,-3.19241783746921,-4.52161286630911,-3.19241783746921,-5.62282917161746,-5.55862319878312,41.8075821625308,45,1,0,0.0982072998806416,0.399889548712395,0.830822038817359,1152.43264786169,114.482035973321,115.639039571714,1,0.5,-1,3,75,p
1,218,44,15,1.10697795826843,25.2831626522029,170.46440333626,NaN,-0.373017128072945,136.106977958268,135,1,0,0.166052213773128,0.439956985292838,1.06686960137745,767.676793640914,NaN,73.6203792672796,1,0.4,1,1,105,b
1,219,44,15,-0.160943703454279,-0.160943703454279,-0.160943703454279,4.08832288170657,3.75736233823932,-135.160943703454,225,1,0,0.100362241764515,0.49972116758704,1.91277142592787,1212.75255096112,126.831386174518,126.831386174518,1,0.4,1,3,195,d
1,220,44,15,0.524343585224358,1.21150363052737,1.21150363052737,2.09198188533549,1.74416140274639,-44.4756564147756,315,1,0,0.185815662930167,0.371731981957623,0.934689516501749,1036.92959355964,106.075208791429,106.476055826693,1,0.4,0,4,315,q
1,221,45,15,4.96424562334556,-16.1515542216749,4.46520355134902,NaN,-0.168335029472786,139.964245623346,135,1,0,0.155765461077181,0.41175284631413,1.22150831509532,854.046060992826,NaN,79.0665860643234,1,0.4,-2,2,195,p
1,222,45,15,-1.47088192693559,-0.907487376481243,-0.907487376481243,-0.479993685527347,-0.618262553599948,-46.4708819269356,315,1,0,0.163184867091786,0.394032866168686,1.17827156354042,1171.04675503536,108.508694615071,108.643450917649,1,0.5,2,1,255,d
1,223,45,15,4.29250164722737,7.51917909342444,7.51917909342444,7.37148821832864,7.51917909342444,-130.707498352773,225,1,0,0.116206713370843,0.398926254835828,1.23394219755983,1304.3494517148,149.368216421392,149.368216421392,1,0.3,0,4,225,d
1,224,45,15,-8.29201852221951,-8.77357834409062,-8.77357834409062,-9.16454680303568,-9.12205130746259,36.7079814777805,45,1,0,0.117212673413633,0.413490140510362,2.80686618808431,1195.32940104619,116.545128234928,117.353415797196,1,0.3,0,1,45,p
1,225,45,15,-1.31911015015135,-1.31911015015135,-1.31911015015135,-9.8813678439556,-8.20380318895175,43.6808898498487,45,1,0,0.0884944371730398,0.412544874591617,1.24318362917188,1395.20372303677,145.02464212516,145.02464212516,1,0.3,0,2,45,d
1,226,46,15,5.33576882503357,9.21867540495342,5.968760596192,4.7597038625305,4.7597038625305,140.335768825034,135,1,0,0.136159756550683,0.466460787388996,1.10990113468131,1232.19172157877,89.0627926346896,89.5075036471557,1,0.3,-2,4,195,d
1,227,46,15,0.838694487783982,0.838694487783982,0.838694487783982,7.00307211795075,6.86173816293456,-134.161305512216,225,1,0,0.0865789666614774,0.396368087630094,0.900864861226978,1451.12764739113,137.314989520535,138.46649534394,1,0.4,0,4,225,d
1,228,46,15,5.3701773463913,6.48079728614749,6.48079728614749,5.51921249438141,6.05681315453666,-39.6298226536087,315,1,0,0.144417462601268,0.405823451008018,0.930750407732262,1058.12107032602,109.707646630035,110.738386216912,1,0.5,-2,3,15,d
1,229,46,15,-2.23941853803336,-19.6300484206691,-2.65913065479305,-4.50234435876277,-4.50234435876277,132.760581461967,135,1,0,0.165930224592103,0.39405149505842,0.777378158047668,1066.53893190658,91.375090667283,91.8922401097412,1,0.4,-2,1,195,d
1,230,46,15,-1.77938725417641,-1.77938725417641,-1.77938725417641,-0.707531070115976,-0.749888239499114,-46.7793872541764,315,1,0,0.167533811434964,0.438066753922385,0.915791108852318,1531.17301438974,105.736327274506,106.018140918126,1,0.4,0,4,315,d
1,231,47,15,1.53231266135569,-20.0597099747914,1.53231266135569,-2.1979191939993,-1.32952678522865,46.5323126613557,45,1,0,0.0973858259386589,0.421247270266349,0.810749410185508,1210.53126524875,124.775319925803,124.775319925803,1,0.4,-1,2,75,d
1,232,47,15,1.94677634096172,4.33529858886635,4.33529858886635,5.25060514732854,5.17151981100278,-133.053223659038,225,1,0,0.106989619501974,0.412096579374975,0.922522447811048,1312.50591416957,109.95613274431,109.95613274431,1,0.3,1,3,195,d
1,233,47,15,-3.57120815052495,-3.57120815052495,-3.57120815052495,-5.79203879880368,-5.81049429901741,41.4287918494751,45,1,0,0.097555889673572,0.392568695532532,0.878560972355672,1217.58120946163,117.605723127129,117.605723127129,1,0.4,1,3,15,q
1,234,47,15,-0.630995255315554,-0.148091140131328,-0.148091140131328,2.69537137902284,1.89171545683871,-45.6309952553155,315,1,0,0.171914004238147,0.402829007224682,1.42592101831599,1177.40600939104,102.07291895268,102.256894654113,1,0.5,1,2,285,d
1,235,47,15,1.9107072562519,-3.72659959120386,1.78089231607632,0.907825832259419,0.961935176948032,136.910707256252,135,1,0,0.144827899105849,0.453427475328681,1.13439542041885,1067.26244608815,92.6913940471214,92.704895193376,1,0.5,-1,4,165,p
1,236,48,15,3.07186138299591,3.07186138299591,3.07186138299591,5.50085579224253,5.47451060061638,-131.928138617004,225,1,0,0.0965297984112112,0.426320938511367,1.1418538870081,1287.61973662404,126.396572948044,126.396572948044,1,0.5,1,2,195,d
1,237,48,15,-6.04621684187715,-6.04621684187715,-6.04621684187715,-9.69975887238866,-8.81419998958185,38.9537831581228,45,1,0,0.106599915148536,0.40955433686554,0.886962301136577,2517.30287770134,133.7137055454,133.7137055454,1,0.5,0,1,45,q
1,238,48,15,6.53998718253868,1.73232531599223,6.05760343688309,3.99987049350563,4.08777750295573,141.539987182539,135,1,0,0.155926510833297,0.433238265903583,1.07656834218596,963.150205040102,84.2150304567313,84.5227953150103,1,0.4,-2,3,195,p
1,239,48,15,0.216682648460221,1.50396878537111,1.72886981749969,1.8400819006693,1.82281270122252,-44.7833173515398,315,1,0,0.146266229668299,0.421143909976536,1.74325123401172,1045.3607722176,112.869685767103,113.242881119375,1,0.4,-2,3,15,d
1,240,48,15,2.28586759654183,3.4230196149212,2.24736339995877,2.28591797551803,2.30549822074937,-132.714132403458,225,1,0,0.116449189403284,0.459885690729379,0.948980879548344,1257.08193566827,130.274335033722,130.862621890497,1,0.5,-2,1,285,b
1,241,49,15,5.21395880600227,5.05587732743402,4.98162699564074,5.13130516602041,4.97008335788985,-39.7860411939977,315,1,0,0.176520147444762,0.400275347006982,1.40170436312815,1084.5666834193,121.223426215891,121.523479804558,1,0.5,1,3,285,q
1,242,49,15,2.95087111226505,2.95087111226505,2.95087111226505,-0.0711610780473961,-0.0323935720610962,137.950871112265,135,1,0,0.155415718696759,0.417386883578729,0.809701685373966,1155.36074099016,83.6416373183095,84.1660891343452,1,0.4,0,3,135,p
1,243,49,15,0.997528338941834,1.31042215224335,1.31042215224335,5.20904407289834,5.0842281824282,-134.002471661058,225,1,0,0.0963636407343529,0.384521916588483,1.30500630377605,1486.23303801151,146.095028145657,146.095028145657,1,0.5,2,1,165,d
1,244,49,15,-5.75456222365177,-6.08018363690711,-6.08018363690711,-11.6111901237169,-10.3726840206506,39.2454377763482,45,1,0,0.0877913468211773,0.389545407017749,0.867860478029115,1608.09973062082,150.927143385406,150.927143385406,1,0.3,2,2,345,b
1,245,49,15,-1.51257896900171,-1.51257896900171,-1.51257896900171,4.39814162307596,4.09870351179257,-136.512578969002,225,1,0,0.0869374225549109,0.405013394772823,1.09389411098618,1565.16982567157,149.963625385036,151.476725701843,1,0.3,2,4,165,p
1,246,50,15,-1.06023642128315,0.695861306861616,0.695861306861616,1.96777229442256,1.43258695893218,-46.0602364212831,315,1,0,0.172732173053191,0.375087285362497,1.47194849772904,1212.94182937079,113.799409586074,114.238443211957,1,0.4,2,2,255,d
1,247,50,15,2.3201582636471,12.4211925063358,140.969978222162,NaN,0.889526018327274,137.320158263647,135,1,0,0.173375170213603,0.429377578748017,0.903557036250277,951.037499779088,NaN,78.8833659427462,1,0.5,-1,1,165,b
1,248,50,15,-7.76038842383001,-7.96706485182198,-7.96706485182198,-11.5152840352359,-11.5152840352359,37.23961157617,45,1,0,0.0890055297757044,0.400050298002725,3.18747904249904,1666.43272102566,138.47097665174,140.24835949039,1,0.4,2,3,345,p
1,249,50,15,2.07398866909574,2.58299116771803,2.58299116771803,0.713366339865388,1.88751259094755,-42.9260113309043,315,1,0,0.157750339226141,0.374221342457304,0.982559753664873,1084.25832295673,111.318469389237,112.173106319799,1,0.4,-2,4,15,d
1,250,50,15,1.05114015686365,1.05114015686365,1.05114015686365,5.82685835932534,5.88163608255695,-133.948859843136,225,1,0,0.0974729610679788,0.429020625185103,1.37234583392024,1521.14771956624,144.32489230871,144.32489230871,1,0.5,-1,1,255,b
1,251,51,15,-8.21709337627233,-8.21709337627233,-8.21709337627233,-12.1882657311453,-12.0221385193134,36.7829066237277,45,1,0,0.0977986661719115,0.382258806958816,1.46921726213122,1523.12783542347,135.86336731253,135.86336731253,1,0.3,1,1,15,p
1,252,51,15,1.53658449954059,5.70668087632097,1.53658449954059,NaN,2.18700255577178,136.536584499541,135,1,0,0.185183482543835,0.471345162076432,1.30739651051022,708.447883132874,NaN,70.2559829687401,1,0.4,0,3,135,p
1,253,51,15,1.35462746003554,-0.91033701631045,-0.91033701631045,-2.31035856438052,-1.48844647931196,-43.6453725399644,315,1,0,0.148496588509943,0.384706703154507,1.12967209548538,1072.47251504615,114.796017878579,115.402496191268,1,0.5,-1,4,345,q
1,254,51,15,5.31688520865904,-6.68006970071556,5.70552781631582,4.91941969713463,4.85506507855121,140.316885208659,135,1,0,0.135642354162428,0.43202678714124,1.06006885477927,995.046043838298,84.9390310677905,85.3860539931197,1,0.4,0,2,135,d
1,255,51,15,-0.245299686980616,0.197730016673745,0.197730016673745,4.44454569992388,3.97572395855673,-135.245299686981,225,1,0,0.0862211117002971,0.416189226251845,1.34324420310941,1329.62799700349,133.959286517045,134.363521487344,1,0.3,0,1,225,b
1,256,52,15,-9.48971506503251,-9.48971506503251,-9.48971506503251,-13.9822174968862,-12.9155487889673,35.5102849349675,45,1,0,0.098773077288115,0.411203594534072,1.16439063699909,1456.84442623639,142.695423026593,142.695423026593,1,0.5,1,2,15,d
1,257,52,15,1.08243832646713,1.08243832646713,1.08243832646713,5.23923308983092,4.99260193917871,-133.917561673533,225,1,0,0.106644684577077,0.399985397354612,1.36695277035733,1271.58105417008,129.664073039355,129.664073039355,1,0.4,-1,4,255,q
1,258,52,15,2.07953957924173,-5.66424845596606,2.25695299055329,NaN,1.73252340538747,137.079539579242,135,1,0,0.18557078317076,0.412101687296399,1.07552211970369,744.332540338146,NaN,79.0088073467279,1,0.5,0,4,135,q
1,259,52,15,0.349599833759562,0.349599833759555,0.349599833759555,-8.05891404500152,-6.23060355015303,45.3495998337596,45,1,0,0.11649185556962,0.401389775264306,0.991191239373393,1117.55514685458,120.583186297628,120.583186297628,1,0.4,2,3,345,p
1,260,52,15,4.3982689779636,3.13292246304985,3.13292246304985,2.09972346251311,2.45192816986923,-40.6017310220364,315,1,0,0.174262746667182,0.410336149300747,1.44399074083935,1099.9394901954,109.357466774253,109.768536634122,1,0.3,-2,2,15,d
1,261,53,15,-0.0163155076827479,2.58957643815256,2.58957643815256,5.57875478401161,5.17089012334725,-135.016315507683,225,1,0,0.0960190062749007,0.397191664834509,1.38163473915324,2293.18402745924,142.269755894306,142.269755894306,1,0.3,1,3,195,p
1,262,53,15,-3.76498014083604,-4.48806442327404,-4.48806442327404,-8.16635788528309,-8.82090575643038,41.235019859164,45,1,0,0.10335698601375,0.374198206578967,0.999369321944414,4037.82472119887,121.001835707452,121.001835707452,1,0.3,0,3,45,q
1,263,53,15,-1.25723523068183,-1.25723523068183,-1.25723523068183,1.91233318160141,1.90001112501477,-46.2572352306818,315,1,0,0.144923447281826,0.533809031044711,1.11758645307145,2038.93841142004,129.196090091042,129.196090091042,1,0.5,0,3,315,p
1,264,53,15,1.86079552271582,20.9460726788835,1.85776765778337,1.25329719402947,1.06634360097863,136.860795522716,135,1,0,0.142369787066173,0.454031411914457,1.11012317902487,1153.10747534699,83.3356811621223,83.8615095655635,1,0.3,0,3,135,p
1,265,53,15,3.94629046487449,3.94629046487455,3.94629046487455,4.10731643282031,3.67606141347699,-41.0537095351255,315,1,0,0.170837134227213,0.414386130009689,1.21559694774578,1437.40713415414,118.243424689907,118.515429590079,1,0.3,-1,4,345,q
1,266,54,15,2.72570482094125,2.72570482094125,2.72570482094125,8.90498041113938,8.56520978633341,-132.274295179059,225,1,0,0.10369591161998,0.396267131066679,1.00261315247667,2618.3384664381,148.421071655256,148.811315620375,1,0.5,2,2,165,d
1,267,54,15,-6.69481294806356,-6.69481294806356,-6.69481294806356,-10.008523682378,-9.57181505950599,38.3051870519364,45,1,0,0.089195123798163,0.373546796372239,1.36277749534088,2660.48061135327,128.120753038978,128.120753038978,1,0.3,2,2,345,q
1,268,54,15,-5.19616573593913,-11.6107529425679,-5.1961657359391,NaN,-4.40923953494928,129.803834264061,135,1,0,0.154398941879435,0.403907379563861,0.987827522922998,1058.61209976113,NaN,79.0352968749761,1,0.5,-2,2,195,d
1,269,54,15,-6.81664353501166,-8.11062704932124,-8.11062704932124,-9.73412473408648,-9.63542349096097,38.1833564649883,45,1,0,0.0917010099265099,0.368112268506366,1.54822749119307,1814.957307222,128.344612402519,128.344612402519,1,0.5,-1,4,75,p
1,270,54,15,0.752072350256299,2.23742951902244,0.752072350256299,3.27583331128739,3.10431919003457,-134.247927649744,225,1,0,0.116180272366137,0.366982516486814,1.16127991288977,1175.2085756796,125.268353641939,125.901375814039,1,0.4,-1,4,255,d
1,271,55,15,9.19449115198231,23.883235411865,167.477345365511,NaN,7.56350126599614,144.194491151982,135,1,0,0.167746841802455,0.439137915078845,1.22800408874195,905.681858750341,NaN,77.0543633920452,1,0.4,2,2,75,d
1,272,55,15,1.97404992872293,2.07631616906855,2.07631616906855,1.92176780835877,1.95146034861625,-43.0259500712771,315,1,0,0.175792719349374,0.379280588335632,1.06619535575669,1548.32253930518,125.816205665674,126.188166756067,1,0.3,-2,4,15,d
1,273,55,15,-3.4860680112303,-4.56131710500017,-4.56131710500017,-6.88785761541683,-6.70597115490148,41.5139319887697,45,1,0,0.112780499999417,0.406707722336023,1.08184302216,1941.77617607465,119.282849695825,119.282849695825,1,0.5,2,3,345,d
1,274,55,15,-0.368664364794711,1.1742661415625,-0.368664364794711,2.14451612426848,1.31646849249319,-45.3686643647947,315,1,0,0.150290670771938,0.405537106945076,1.88549512584063,893.711547436052,136.224846812707,136.797512535574,1,0.4,2,1,255,b
1,275,55,15,-1.04297827760229,2.48883359969534,2.48883359969534,5.00081543283693,3.68093700894315,-136.042978277602,225,1,0,0.103323934757782,0.411645880430569,2.18556988176965,2158.31910394006,163.94418804304,163.94418804304,1,0.3,2,1,165,d
1,276,56,15,0.426057374875626,-5.70299611432665,0.426057374875626,NaN,-2.15123031274723,135.426057374876,135,1,0,0.189465422978174,0.453122502375663,1.03337816285557,843.991173702096,NaN,76.7578747743029,1,0.3,-2,1,195,p
1,277,56,15,5.23922337237775,7.56253606822349,7.56253606822349,8.23309288032817,7.80632694858252,-129.760776627622,225,1,0,0.113291592601627,0.407240148021401,1.15428416388113,1251.3336842756,142.533652538817,143.236631733075,1,0.5,1,1,195,b
1,278,56,15,-6.89514732432497,-7.5254138401186,-7.5254138401186,-7.94176438653459,-7.54623900864593,38.104852675675,45,1,0,0.117520350559971,0.421643284405263,1.63899705663471,2237.38067497819,124.811018844582,124.811018844582,1,0.3,2,1,345,d
1,279,56,15,5.32518453952974,5.37128503890349,5.37128503890349,3.32875797293045,3.28575843898079,140.32518453953,135,1,0,0.131261259962002,0.44153022507362,1.62812078972183,1181.7122426808,85.7979652498722,86.1685789974511,1,0.3,-1,2,165,d
1,280,56,15,0.791566335285722,1.725986333592,1.725986333592,1.40869883097844,1.71850377211132,-44.2084336647143,315,1,0,0.159848192576874,0.445822982279878,1.28784458938844,1210.54573555299,118.32257203761,118.825155991744,1,0.4,-1,4,345,q
1,281,57,15,0.896149301692994,0.896149301692994,0.896149301692994,-2.78522907313506,-2.78522907313506,45.896149301693,45,1,0,0.109316127450256,0.406555085626906,1.075880876062,2277.9975399919,119.469740887468,119.469740887468,1,0.3,0,4,45,p
1,282,57,15,0.974856910160042,2.19871703549211,0.956514938455854,NaN,0.931220267633222,135.97485691016,135,1,0,0.174794270955317,0.45838516371191,1.06267750026768,729.321497900034,NaN,76.7432214707363,1,0.3,-2,4,195,q
1,283,57,15,-1.60981569310786,-0.706943188439993,-0.706943188439993,0.875497157870257,0.777376498875924,-46.6098156931078,315,1,0,0.187713105484136,0.408888504292918,1.01211058108879,1262.69631203301,106.002719432633,106.557393802879,1,0.3,1,4,285,p
1,284,57,15,3.90099748023704,3.90099748023704,3.90099748023704,6.69592229126323,6.69592229126323,-131.099002519763,225,1,0,0.125742301160471,0.403948543401839,1.75671060680997,2349.63479819968,132.405455619573,133.519838449376,1,0.4,1,2,195,d
1,285,57,15,-2.51111655866105,-2.51111655866104,-2.51111655866104,-5.00263448144736,-4.74992368712277,42.4888834413389,45,1,0,0.114467616379443,0.406802068647494,0.972085209743682,2225.17133509527,122.458383038287,122.458383038287,1,0.3,-2,3,105,q
1,286,58,15,-1.36830117314798,-1.36830117314798,-1.36830117314798,-0.80406266883557,-0.667883761900669,-46.368301173148,315,1,0,0.164745186836171,0.386187699884886,0.97529328482824,1614.74208675202,125.346956100543,125.855738532809,1,0.4,0,2,315,d
1,287,58,15,2.82387585214934,5.83612627309083,2.82387585214929,7.30961917954426,6.53008566867322,-132.176124147851,225,1,0,0.11300584947162,0.419593806074545,1.12081526030602,1097.30325945606,131.530010107171,131.530010107171,1,0.4,-2,1,285,b
1,288,58,15,5.22996908582701,12.4036252807672,4.80979180654097,3.92605873939033,3.96571070744804,140.229969085827,135,1,0,0.160285070086729,0.443742255490179,1.15262438990271,836.269209922168,83.312929983203,83.6813636502565,1,0.3,0,2,135,d
1,289,58,15,2.18922028548377,2.01687986070419,2.01687986070419,1.45442140324548,1.67995553617817,-42.8107797145163,315,1,0,0.149433441380779,0.394007326561223,0.917572271077233,1159.60488920101,106.78973626477,107.01236319904,1,0.5,-1,3,345,d
1,290,58,15,-3.31900795316191,-6.3221837757329,-6.3221837757329,-7.39861566087654,-7.28970747406852,41.6809920468381,45,1,0,0.102022917140175,0.442038012549119,1.14713097071012,1417.46536389618,125.666035979997,126.43725321122,1,0.4,1,2,15,d
1,291,59,15,0.731468669311255,0.731468669311255,0.731468669311255,5.52007897647502,4.68724253227128,-134.268531330689,225,1,0,0.0966511866604378,0.396737961230428,0.936502227654501,2660.23608866608,151.656126491858,151.656126491858,1,0.3,-2,3,285,d
1,292,59,15,8.53387197880454,2.20046706093353,8.04050937374635,3.14202667892025,3.14202667892025,143.533871978805,135,1,0,0.160258629082364,0.433280631603338,1.19881832746228,911.420300259367,80.036115557254,80.036115557254,1,0.4,-1,2,165,q
1,293,59,15,-5.71428243371543,-5.71428243371543,-5.71428243371543,-4.02581763294233,-4.06919991526661,-50.7142824337154,315,1,0,0.164998479642009,0.411785597104881,0.929861028482037,1598.11367638982,119.388888256427,119.646858907945,1,0.5,-2,1,15,d
1,294,59,15,-3.25848528757056,-3.25848528757056,-3.25848528757056,-9.04610245861353,-9.04610245861353,41.7415147124294,45,1,0,0.103793863523379,0.397873422102293,1.03030619885249,3013.27818656841,148.782446405989,148.782446405989,1,0.4,1,3,15,p
1,295,59,15,1.90856998043353,4.19788285326598,4.19788285326598,6.8228119104395,6.21556558836056,-133.091430019566,225,1,0,0.0940386351155666,0.376159648383464,1.17307861030986,2136.11338848567,148.854944380599,148.854944380599,1,0.4,-1,4,255,q
1,296,60,15,2.80643516520993,70.9031187499838,2.80643516520996,NaN,1.23979950126761,137.80643516521,135,1,0,0.1518452816631,0.388753078273794,1.18652776726208,1070.77405604715,NaN,79.8165068806815,1,0.4,-1,3,165,p
1,297,60,15,5.77643038858182,8.68476908404515,5.77643038858179,1.68424591398792,1.58223071286878,140.776430388582,135,1,0,0.148947287453893,0.393681921925008,1.17532218965221,1149.13408799891,83.2242014142601,83.9710839307712,1,0.4,-2,1,195,b
1,298,60,15,-3.40675978008323,-3.40675978008323,-3.40675978008323,-7.28272234332675,-7.28272234332675,41.5932402199168,45,1,0,0.0992505177025578,0.387866102752014,0.998409934125903,2858.87197402407,140.45050712938,140.45050712938,1,0.5,2,4,345,q
1,299,60,15,2.87043644848495,2.87043644848495,2.87043644848495,8.18482092960108,8.18482092960108,-132.129563551515,225,1,0,0.101724854905115,0.397286011146889,0.986003694530154,4298.43928384627,146.60246895075,146.60246895075,1,0.3,0,1,225,b
1,300,60,15,1.10691860762137,1.10691860762137,1.10691860762137,-0.455172637652879,-0.338002797528247,-43.8930813923786,315,1,0,0.170299300154966,0.406530146952946,0.8858929427779,1622.66412071703,117.100525782456,117.39003611211,1,0.3,-1,1,345,o
1,301,61,15,0.502142685114791,3.55969404746474,3.55969404746474,6.05658916286114,6.05658916286114,-134.497857314885,225,1,0,0.103164687798198,0.37172326844393,11.9440944015973,2140.0466966095,138.601273895797,138.601273895797,1,0.5,-1,3,255,q
1,302,61,15,-7.8172732224276,-7.8172732224276,-7.8172732224276,-11.8575401840871,-11.8575401840871,37.1827267775724,45,1,0,0.107817703695218,0.373127646354533,1.15118846306996,2519.34653009774,126.634898207392,126.634898207392,1,0.4,-1,4,75,p
1,303,61,15,-2.12497430645493,0.723902901836936,-2.8786959223844,-5.85878195164159,-5.85878195164159,132.875025693545,135,1,0,0.157881342385281,0.417233345472141,1.29812292903875,987.356955171404,83.4541718301439,83.6063081429377,1,0.5,2,1,75,space
1,304,61,15,-2.16480634689805,-2.16480634689805,-2.16480634689805,-0.400269344010553,-0.7252145515356,-47.1648063468981,315,1,0,0.171327194212381,0.385653170937985,1.6478493848258,1399.53495549558,106.800437532764,107.324991840457,1,0.4,-2,2,15,d
1,305,61,15,-1.65291773663739,3.79647134365143,-0.948559555181759,5.59995366063447,5.17900532952797,-136.652917736637,225,1,0,0.0995218384675809,0.392490273916792,1.38502008915589,1566.26475406776,157.484331920824,157.484331920824,1,0.3,1,4,195,q
1,306,62,15,0.127586034266898,9.86038689759926,-0.0737158571332373,NaN,-0.306450068235961,135.127586034267,135,1,0,0.160744482543805,0.422633620218221,1.72428732478465,990.54560005325,NaN,79.7904506367314,1,0.5,2,3,75,p
1,307,62,15,-1.6582634101423,-0.0676177170595338,-0.0676177170595338,-0.213010748974625,-0.0740202211143242,-46.6582634101423,315,1,0,0.16676491903695,0.404010439390049,1.52637069567595,1106.39641742177,116.856808773231,117.111701192201,1,0.4,-2,4,15,d
1,308,62,15,-1.42213561129557,-2.18602736508735,-2.18602736508735,-3.7947097649156,-3.45909826021308,43.5778643887044,45,1,0,0.0956524378002541,0.48887164214284,0.934641441949452,2056.63782913687,121.109943166995,121.79982019105,1,0.3,-1,3,75,q
1,309,62,15,-1.39117805157935,47.2494212616433,-1.39117805157932,-3.08101027834368,-3.09808532621091,133.608821948421,135,1,0,0.151786089868665,0.444950128659457,1.42724637367769,1126.67155704676,80.7408295804695,81.0826204523133,1,0.3,1,2,105,d
1,310,62,15,-0.36458810231602,-0.36458810231602,-0.36458810231602,-0.459657576232814,-0.61839167907948,-45.364588102316,315,1,0,0.16780092567501,0.405096022912403,1.44029741322902,1362.85596683199,102.714119861252,103.182436877273,1,0.3,0,2,315,d
1,311,63,15,-4.14519777485157,-4.14519777485157,-4.14519777485157,-8.9939279173848,-8.9939279173848,40.8548022251484,45,1,0,0.0824556722564012,0.41794454840533,3.59983762819706,3103.18333344419,144.744961904455,144.744961904455,1,0.4,-1,4,75,d
1,312,63,15,0.535170344504536,1.03390549257256,1.03390549257256,6.9063637068889,6.49919630167312,-134.464829655495,225,1,0,0.091092866817462,0.383265367932609,1.90647576261495,1654.60065477488,165.676844531079,165.676844531079,1,0.3,-1,4,255,q
1,313,63,15,4.07375664590407,13.4060982933622,4.0737566459041,4.24623329727836,4.36515042315483,139.073756645904,135,1,0,0.139730494051037,0.433410432899109,0.903295931330376,1678.03205506733,97.8002199034736,97.8002199034736,1,0.3,-2,1,195,d
1,314,63,15,0.753411081058346,0.753411081058346,0.753411081058346,-1.43488218880174,-1.44667766669426,-44.2465889189417,315,1,0,0.140482259888586,0.353595856455058,1.4262151744922,1678.54677121266,104.755296566574,104.755296566574,1,0.5,0,2,315,d
1,315,63,15,0.199153450570456,0.199153450570456,0.199153450570456,-8.60127037757557,-6.84893084886614,45.1991534505705,45,1,0,0.0996891980080363,0.446000257197738,0.701999661075433,2799.27170965704,154.75693788464,154.75693788464,1,0.3,-1,1,75,q
1,316,64,15,1.30286362179288,7.72992657607847,1.30286362179288,8.20201176921802,7.66913386723189,-133.697136378207,225,1,0,0.0924010956191523,0.442438533678114,1.35527155512682,1585.13465340175,172.214471800049,172.214471800049,1,0.5,-1,1,255,b
1,317,64,15,-4.0078682312874,-4.53977750455002,-4.53977750455002,-9.70154196596795,-9.60919142941133,40.9921317687126,45,1,0,0.103991870593291,0.411256476543485,1.03119107111343,3525.95275729151,173.158290962428,173.158290962428,1,0.4,2,1,345,d
1,318,64,15,-5.89437795333481,-3.38287812721012,-3.38287812721012,-1.94596664247001,-1.9042185392812,-50.8943779533348,315,1,0,0.155830962657546,0.457551671131569,0.933283335797341,1770.26790834004,140.453285705772,141.153148005547,1,0.3,0,2,315,d
1,319,64,15,3.95035447061196,6.0341820789688,6.0341820789688,9.01410275159026,8.85286149699255,-131.049645529388,225,1,0,0.0838912986257583,0.377855177809806,1.00343132129456,2672.0465676881,151.65709209414,151.65709209414,1,0.4,2,3,165,q
1,320,64,15,-0.447304886006634,9.78592999010297,-0.447304886006634,-0.198559624884666,0.114557884374875,134.552695113993,135,1,0,0.142889893647407,0.429308772043669,1.14521189460584,1182.76201040666,83.1179137769137,83.6770824608847,1,0.4,-1,3,165,p
1,321,65,15,3.14507271920377,4.45754015492258,3.14507271920377,9.79470083479714,9.72354660829643,-131.854927280796,225,1,0,0.0958546513936653,0.367148674164355,1.70708895354846,2999.20660244942,138.342513783647,138.342513783647,1,0.3,0,3,225,p
1,322,65,15,-2.2948076565516,-4.62395117228795,-2.48229953906471,-4.60953150350926,-4.54430322679207,132.705192343448,135,1,0,0.146354566662467,0.422426599170421,1.12412639521403,1149.66238183071,86.2580344306993,86.6664066126566,1,0.3,-2,2,195,q
1,323,65,15,-2.48499903162599,-4.95165297102638,-4.95165297102638,-8.36877792188547,-7.74383492035211,42.515000968374,45,1,0,0.0867895933013187,0.398605056721863,1.30453937967059,2470.72374270936,153.524930588013,153.524930588013,1,0.4,-2,1,105,b
1,324,65,15,-3.20822100256265,-0.622235983223277,-3.20822100256265,0.125213079738614,-0.764108665325295,-48.2082210025627,315,1,0,0.130123094895225,0.43138949883496,1.25306956027293,922.451976666791,128.56486787027,128.869679182482,1,0.3,1,2,285,d
1,325,65,15,6.68363305075061,13.6369817489486,6.16555064513423,3.21393530695758,2.93008476727888,141.683633050751,135,1,0,0.133967857353355,0.442058444236181,0.950469688392332,1256.42976942164,92.1446993297408,92.6095850703005,1,0.5,1,4,105,q
1,326,66,15,0.480529467877091,2.15317822070472,2.15317822070472,6.82910513181537,6.82910513181537,-134.519470532123,225,1,0,0.0638168671978292,0.380620065598123,1.28812252040461,3758.29256787872,170.222725519478,170.222725519478,1,0.5,-1,1,255,b
1,327,66,15,-9.27530594030755,-11.4568018298501,-11.4568018298501,-14.5473286769986,-14.3767961908638,35.7246940596924,45,1,0,0.089813783215277,0.403812432320819,1.50387240532564,2895.72106605318,174.234946985801,174.944831074139,1,0.5,2,3,345,d
1,328,66,15,-0.408204619757839,-0.018524995830262,-0.408204619757839,-1.77920572545844,-0.844676424357033,-45.4082046197579,315,1,0,0.149652180601834,0.414672474073541,0.965970727405193,920.634529332321,117.110791078486,117.752524728435,1,0.3,0,1,315,b
1,329,66,15,1.22414014158716,13.3694428988339,1.66926126152495,2.98692414110164,2.98692414110164,136.224140141587,135,1,0,0.150954099618048,0.413847995470633,1.16560692321696,1080.0163087015,85.0037007572726,85.0037007572726,1,0.3,-1,3,165,p
1,330,66,15,-0.182845180117738,2.06831833414884,2.06831833414884,7.50404903013276,6.92071757345639,-135.182845180118,225,1,0,0.0891305236154949,0.384192004960141,0.936015172329689,3027.98930291733,153.307039134993,153.307039134993,1,0.4,0,4,225,q
1,331,67,15,-7.22402945659094,-8.21076459104804,-8.21076459104804,-14.2354901455167,-13.6541456555057,37.7759705434091,45,1,0,0.097322728086283,0.382389209186158,1.1317353952511,3136.66800991357,160.889240238059,160.889240238059,1,0.5,0,4,45,d
1,332,67,15,3.3625778356859,3.3625778356859,3.3625778356859,4.62421599287694,4.22884596341976,-41.6374221643141,315,1,0,0.141308240820081,0.38648245699369,1.25225018959441,2029.41942116181,143.971711282148,143.971711282148,1,0.3,1,1,285,b
1,333,67,15,-7.17918597915767,-7.17918597915767,-7.17918597915767,-14.5094921549036,-14.1021274337926,37.8208140208423,45,1,0,0.0809187888573888,0.399812028492988,1.40578499136518,2056.30599373916,179.429164461021,179.429164461021,1,0.3,1,2,15,d
1,334,67,15,1.15487488009791,1.03099906137379,1.03099906137379,0.214385192706231,0.286280967461323,-43.8451251199021,315,1,0,0.13572498230269,0.380732139401516,1.30236280423901,1971.86939874715,131.880430172851,132.454670187264,1,0.3,-1,4,345,b
1,335,67,15,5.36798751244606,5.36798751244606,5.36798751244606,9.346457629844,9.3063262428314,-129.632012487554,225,1,0,0.0837783234239851,0.429716203889029,1.42794796169937,3490.34233809266,158.827100003577,158.827100003577,1,0.3,-1,4,255,d
1,336,68,15,0.0349658093979315,5.10066162656918,-0.795685072726173,-2.82848631070675,-2.73947986816333,135.034965809398,135,1,0,0.151095318620264,0.432479589347167,0.984539523893091,981.022513826335,81.9138960217688,82.0083247284779,1,0.5,0,2,135,d
1,337,68,15,-1.91371630653526,-1.91371630653526,-1.91371630653526,-2.37370487409578,-2.55714521843112,-46.9137163065353,315,1,0,0.155780784840999,0.39091643320512,0.894277144994476,1660.98003369229,111.221111724853,111.221111724853,1,0.4,-1,3,345,d
1,338,68,15,-0.251769494553912,-0.251769494553912,-0.251769494553912,5.23567324081625,5.22228297042164,-135.251769494554,225,1,0,0.0853070942416707,0.40369434919694,1.02947991745805,1572.4351498309,142.637254632298,142.637254632298,1,0.5,-2,1,285,b
1,339,68,15,-9.13367165272229,-10.1137150937491,-10.1137150937491,-11.3851001762006,-11.3148901953295,35.8663283472777,45,1,0,0.0971601760011254,0.405221317218093,1.34148707816075,2315.02733967033,149.577726479479,149.577726479479,1,0.4,-1,2,75,d
1,340,68,15,2.74512034548866,12.691239804877,2.74512034548866,2.24666229776801,2.70987741197465,137.745120345489,135,1,0,0.170294793165795,0.43446627029266,1.73296237805653,1221.01386217082,88.2355740106047,88.2355740106047,1,0.5,0,3,135,d
1,341,69,15,-0.380132538565874,-0.380132538565817,-0.380132538565817,-0.376635690573494,-0.630544802846316,-45.3801325385659,315,1,0,0.132191803048499,0.395040328540745,1.05354243360739,1857.66681205061,121.044798394037,121.255645756749,1,0.3,0,1,315,b
1,342,69,15,2.38110556331628,13.3153371880745,2.21749953780429,1.3214306308133,1.32367044324539,137.381105563316,135,1,0,0.145305339520974,0.426810097098269,1.83093200935764,1244.13170048326,84.8753754239219,85.2791748636108,1,0.5,-2,2,195,d
1,343,69,15,-1.90615717359877,-10.8224901223027,-1.90615717359878,-8.57756740741164,-7.67488869664306,43.0938428264012,45,1,0,0.0816651463092057,0.409167937636994,1.02394533442543,1595.62056852347,151.667031114924,151.667031114924,1,0.3,1,2,15,q
1,344,69,15,-2.29684178273351,-2.29684178273357,-2.29684178273357,4.83261796170529,4.31008530910816,-137.296841782734,225,1,0,0.101895219105245,0.386507696135595,1.13809325501984,2939.67018220641,159.63059046027,159.63059046027,1,0.4,-1,4,255,d
1,345,69,15,-4.53356033786306,-4.91440438140169,-4.91440438140169,-12.4207578809176,-11.8614132844985,40.4664396621369,45,1,0,0.0803367862881714,0.40021375148558,1.21431125389381,1777.55517130061,156.872246760978,156.872246760978,1,0.4,2,1,345,b
1,346,70,15,-0.0229093615725446,2.42814678046784,2.42814678046784,7.30495036109676,6.1768364104521,-135.022909361573,225,1,0,0.0819809360355066,0.412602263590315,1.52443749767099,2970.73421891596,163.478274410518,163.478274410518,1,0.5,0,1,225,b
1,347,70,15,2.41851773235811,2.8398913591563,2.99679266863518,3.91869722044271,2.99679266863518,-42.5814822676419,315,1,0,0.165204298826893,0.409581679268967,1.23138913827529,1051.38598262051,132.216959077811,132.609805693947,1,0.5,-1,2,345,d
1,348,70,15,2.62317973551046,2.62317973551046,2.62317973551046,1.32005704707626,1.41902760263454,137.62317973551,135,1,0,0.150934268864376,0.425096239248433,1.03232743338322,1387.83435301878,90.8055559804999,91.6241260393674,1,0.3,0,4,135,p
1,349,70,15,-0.836083686100494,1.89367494989881,1.89367494989881,5.63764893157884,5.86335940052311,-135.8360836861,225,1,0,0.0945395118751549,0.411907285819325,0.906023561338998,2550.83601713515,144.753939666501,144.753939666501,1,0.3,-1,1,255,b
1,350,70,15,0.864848849532564,1.6806360590291,0.709354266498622,-1.178468842413,-1.13881140415393,135.864848849533,135,1,0,0.148913034334328,0.438969954605227,1.99731563708906,1070.28172231758,81.8526654143671,81.8526654143671,1,0.4,1,4,105,d
1,351,71,15,-7.67617582926948,-3.91191850382967,-7.67617582926948,-2.54062058216391,-4.29492616652112,-52.6761758292695,315,1,0,0.109878900198055,0.417358339312614,1.60935939454885,1041.84855618115,146.742675672131,146.742675672131,1,0.5,2,4,255,q
1,352,71,15,-6.07353978683293,-7.77472333768436,-7.77472333768436,-11.2648881334877,-10.39273462118,38.9264602131671,45,1,0,0.090856099639268,0.438184837044901,1.09711029865161,2671.89621714481,160.326761360872,160.326761360872,1,0.5,-2,3,105,p
1,353,71,15,-1.29345336160646,-2.89088393340386,-2.89088393340386,-9.64331057178745,-8.65830625234909,43.7065466383935,45,1,0,0.0858875944813917,0.439728330695743,0.986487745195291,3141.82490657521,154.404864423978,156.047869410729,1,0.3,-2,2,105,d
1,354,71,15,-0.979587372784408,-0.979587372784408,-0.979587372784408,6.83157747398695,6.98475495121488,-135.979587372784,225,1,0,0.105189227453593,0.418713741269812,1.07071616663166,3267.93187582352,164.623519005739,164.623519005739,1,0.4,2,1,165,b
1,355,71,15,4.61990756973543,9.0200970865472,4.61990756973543,2.50273501762018,2.42345351026816,139.619907569735,135,1,0,0.155037432049539,0.429950567339802,1.0764673856213,1201.8834203009,88.6206083818098,89.0052594367525,1,0.5,0,3,135,p
1,356,72,15,0.398298897630923,0.398298897630923,0.398298897630923,3.38915612102431,3.17991189564941,-44.6017011023691,315,1,0,0.155516374793933,0.410187418648547,1.14331865857571,1534.85704935321,111.029452429071,111.394641632346,1,0.3,2,2,255,d
1,357,72,15,-2.73711173114089,-2.73711173114089,-2.73711173114089,-7.42264403822711,-7.42264403822711,42.2628882688591,45,1,0,0.118045865528075,0.415725607270815,0.980783098428901,2606.96896967272,134.801741729632,134.801741729632,1,0.3,2,4,345,p
1,358,72,15,-2.23135320704839,1.02695993565675,-2.23135320704839,NaN,-0.621759005059175,132.768646792952,135,1,0,0.169842591891666,0.430274770113328,1.09321175278706,786.793043218527,NaN,70.7916038568107,1,0.5,1,3,105,p
1,359,72,15,-2.7816172594018,-2.22408242444021,-1.66744123787078,-1.6212097204766,-1.55627562657111,-47.7816172594018,315,1,0,0.173289537414576,0.434001148980542,0.884268924248317,1121.1613447642,98.7270659553367,99.0718391779755,1,0.5,-1,3,345,d
1,360,72,15,1.76072219935975,1.76072219935975,1.76072219935975,9.01976709115814,8.81535071343126,-133.23927780064,225,1,0,0.123045619146751,0.37501397166784,1.10863947810117,2990.89640889244,165.659027364732,165.659027364732,1,0.3,0,3,225,p
1,361,73,15,4.93276740701705,14.4552347240282,158.83915041473,5.26398616596842,5.23063004934841,139.932767407017,135,1,0,0.131228208706034,0.468220616532335,1.164552287687,1276.47745496031,95.2204775736189,95.6706081806799,1,0.5,-2,3,195,d
1,362,73,15,-7.56873989595893,-8.74756472601513,-8.74756472601513,-14.8017908484881,-14.4603744655195,37.4312601040411,45,1,0,0.073454913880596,0.396302886516878,1.53110964483676,3485.5558269994,155.667621394943,158.66617374653,1,0.5,1,1,15,d
1,363,73,15,-2.95207061384235,-2.95207061384235,-2.95207061384235,5.37673745329397,4.4313367908394,-137.952070613842,225,1,0,0.0929326199070601,0.387560228402435,1.42917506469166,3336.84016373862,168.91534409269,168.91534409269,1,0.4,2,4,165,p
1,364,73,15,0.347663105777087,0.347663105777087,0.347663105777087,0.25853778180101,0.0505000355623793,-44.6523368942229,315,1,0,0.142870964291433,0.393413305353533,1.20866850311472,1794.78517930079,118.776762544883,119.201815862247,1,0.5,2,4,255,d
1,365,73,15,-17.1530745164321,-18.2995725581191,-18.2995725581191,-21.9331002718775,-21.714100544476,-62.1530745164321,315,1,0,0.145199275035793,0.415216317465365,1.12194381046015,1491.5031246702,110.732658802638,111.098633689903,1,0.3,2,3,255,q
1,366,74,15,-2.36267951798369,-2.36267951798369,-2.36267951798369,-10.9901402677728,-10.3605893539365,42.6373204820163,45,1,0,0.080956046637084,0.428250831389732,1.31235660261837,3647.25094399473,168.928078651725,168.928078651725,1,0.5,1,4,15,p
1,367,74,15,6.60797085482821,8.94469218591152,5.66933008446236,2.7376695067195,2.90338737115962,141.607970854828,135,1,0,0.142110785405976,0.441343635709927,1.49080874620245,1006.04109215882,87.6940948246444,88.0613308813407,1,0.3,2,3,75,d
1,368,74,15,-1.39372820475205,0.702606411931015,0.702606411931015,7.63800172702048,7.4825228649496,-136.393728204752,225,1,0,0.0937024137028857,0.417821056895491,1.24192918377639,3283.94883471752,186.872360824276,186.872360824276,1,0.4,0,2,225,d
1,369,74,15,3.85947789578876,3.76741955573519,3.63046841033162,4.15675479288339,4.02451403524225,138.859477895789,135,1,0,0.134576000461266,0.486012107576926,1.01857089975124,1149.74952025449,89.9342991188947,90.2602904529151,1,0.4,1,3,105,p
1,370,74,15,-0.772840813933158,2.88727388237737,2.88727388237737,6.91064442442018,6.74570500312575,-135.772840813933,225,1,0,0.0916472265187167,0.429376677351911,1.54663381972682,2881.46250560107,167.576268770824,167.576268770824,1,0.4,2,1,165,d
1,371,75,15,-3.49211384748152,-3.49211384748153,-3.49211384748153,-9.23393209117977,-9.23393209117977,41.5078861525185,45,1,0,0.100733918160131,0.416300699124122,1.50559016923444,3033.84590189923,142.603284075575,142.603284075575,1,0.4,1,2,15,b
1,372,75,15,-0.154490391599836,0.206346574886027,0.206346574886027,-0.438045181795928,-0.430682964215691,-45.1544903915998,315,1,0,0.16025802815011,0.405699959497724,1.18760283447614,1714.21699518889,123.532003005543,124.076351878678,1,0.5,-2,3,15,p
1,373,75,15,-0.411971153502748,-0.411971153502805,-0.411971153502805,8.28996154848528,8.38176345635645,-135.411971153503,225,1,0,0.102840785490116,0.413947750170792,1.06959572905566,3436.50481777296,177.277710576692,177.277710576692,1,0.3,-2,1,285,q
1,374,75,15,3.75370817930028,32.2663243515563,3.7537081793003,0.952392016363575,1.71857484989454,138.7537081793,135,1,0,0.157730808938368,0.4500733737882,1.33242983218247,1135.54276670032,81.1099026912059,81.1099026912059,1,0.4,-1,2,165,d
1,375,75,15,-4.36992849174274,-10.9640583817051,-7.15130096208219,-9.65459859408325,-9.85149811629768,40.6300715082573,45,1,0,0.0923016413855748,0.404968625344281,1.53202065763685,1747.54445081467,136.318253102299,136.318253102299,1,0.4,2,4,345,p
1,376,76,15,-2.79191051134916,-2.7919105113491,-2.7919105113491,-0.447041842276462,-0.448784217636671,-47.7919105113491,315,1,0,0.142605352380087,0.448550612289637,0.850231839537173,2073.94498145343,126.493028155187,126.493028155187,1,0.3,1,1,285,b
1,377,76,15,-1.19884225352268,-0.169662724269529,-0.169662724269529,1.8364548038677,1.8364548038677,-46.1988422535227,315,1,0,0.136672051017058,0.443137717972832,1.17878505987051,1856.14448529426,118.397205832243,119.06588967235,1,0.5,0,2,315,d
1,378,76,15,-0.0820887214469082,-0.0820887214469082,-0.0820887214469082,-8.62900492246891,-8.62900492246891,44.9179112785531,45,1,0,0.0914915851501519,0.470589790647864,1.19235079761688,3327.97719064772,142.932840706859,145.926231848237,1,0.5,2,4,345,p
1,379,76,15,-0.34146593004948,1.61878199240573,1.61878199240573,8.22014009471934,7.91072409562639,-135.341465930049,225,1,0,0.13267014486064,0.393008577701494,2.2827156354067,3183.13776992732,174.512493475589,174.512493475589,1,0.3,-2,1,285,n
1,380,76,15,5.62885388764792,5.62885388764792,5.62885388764792,8.18626939407511,8.26277411505316,140.628853887648,135,1,0,0.140609356990581,0.446810012967717,1.63391828046974,1256.9935365389,82.6921196596539,83.4596199090586,1,0.3,1,2,105,p
